'timestamp', 'CP3', 'C3', 'F5', 'PO3', 'PO4', 'F6', 'C4', 'CP4', 'Target'
1728061815764,58.47168522399142,37.41461064954152,8.602631306339244,7.342429481715251,15.496566738115215,4.901550823743371,58.43834798791012,45.745208155157066, raw
1728061816012,16.557675174237332,10.906805570599728,8.621618157098247,3.5275101830057287,5.507430378258363,2.5864445294456786,16.688561734786187,12.933972552340483, raw
1728061816261,4.596381545632602,3.437851905873649,8.575681344855662,4.288287396856019,2.2113660459567086,3.389783062470608,4.546942717661888,3.7595214134997508, raw
1728061816593,1.3926738175946867,1.0236458560575687,4.73828189614241,3.6151910842375585,1.2504744415947027,3.5365212572676588,1.4181815191734561,1.3741739611663706, raw
1728061816763,0.7806324853830764,2.8244461610429195,3.6307679328809477,4.122353381020229,1.2966457961245692,6.507988770132831,0.5769345976278492,0.9974269297543749, raw
1728061817013,1.1212237364692192,9.410573521922336,5.966408636147052,14.911559460051162,2.4798096145886963,13.827915535631565,1.5000979319211263,1.8285848954925972, raw
1728061817262,1.0230097211936615,6.675914243497819,7.726061566305244,10.512296414486372,2.1060707820868982,15.808065393112665,1.0502733097483927,0.9284699849311995, raw
1728061817573,1.879564475761524,2.8230612011052028,5.014790136086312,4.906283224977369,2.3678210802561743,10.013982456678875,2.15641938442505,2.2592364608630238, raw
1728061817762,1.8920565093931931,5.317988804618586,6.162277481928532,4.887524958670932,4.042308211303281,9.722458640948318,1.8602197243438283,1.779223874215498, raw
1728061818012,1.1899778316635408,5.895176327487161,5.533059070563196,3.5923672673973206,4.946355210002125,4.6633115542516785,1.128404226897495,1.4637541107650718, raw
1728061818263,1.1023372032887317,5.189060207029211,2.086645894919922,5.243986176727448,3.1550312985334137,3.574531982093454,0.8788390813942835,1.5066975851470348, raw
1728061818651,0.6882934617574826,1.5151750031710431,2.193012100115152,2.765266606755425,2.3280563211888814,1.9997213433391359,0.7442539701883516,0.9215427582848458, raw
1728061818764,1.1142874715980247,1.6481700682629647,1.5660932464136836,3.627294519944295,1.873873038566855,2.1360149680963456,1.1987323314785805,1.4252344106939179, raw
1728061819012,0.9810770336420069,1.9989689208638457,2.2523867141913865,3.0949979613317393,1.9137531359330755,2.9473830656006066,0.8831947015135887,1.2935422982701166, raw
1728061819262,1.3352493728107016,1.6736176877249167,4.659834659430572,3.241664206169482,0.9129684498553546,5.308963803973563,1.0582286179466007,1.4048411301877923, raw
1728061819511,1.2405757993832285,2.27119850410351,2.7222377091732946,3.2069387373207303,1.7023855492166553,3.1838696610924613,1.4338665613791244,1.871876800501559, raw
1728061819761,1.3199025439322378,1.5550897732394806,2.4009761495960684,4.1213265330739155,1.3856675868616006,4.216737215155548,0.9542478900419328,1.284133949927754, raw
1728061820013,0.9655836822770625,1.9436369904507254,1.5255824571278083,5.079289315927402,1.7282484302729018,4.20955805375986,0.9719137308608471,1.42446927783087, raw
1728061820261,1.1790267326188355,1.7976087156141445,6.402030127449002,4.300504426337628,4.3437618153213915,5.351338680064175,1.348217652181066,1.5519463674484675, raw
1728061820510,1.3542927353017427,1.80290396150713,5.285577201202258,5.1524996421191425,3.766501945788968,4.659420058101503,1.4515783980482588,1.7856700863776906, raw
1728061820765,1.9846121505471916,2.674121051581172,9.73145887878566,4.748577560745037,4.943713425297009,4.365797921467465,1.7874367837418825,1.982003044453139, raw
1728061821031,0.8990158443702276,1.6770136304551877,7.841528136861437,2.633088833660188,4.263717635385433,4.267683598345208,0.8326567154522531,1.0641779226410393, raw
1728061821260,1.0401264532922985,1.622296654855188,6.833487182139815,2.3600532166127275,2.931933222481332,2.3213111871522867,1.2644072955783674,1.1874204344381152, raw
1728061821518,0.9954504110491708,2.280330853778531,13.807212668762528,4.837785739417315,1.4427640500439607,16.1201911047491,1.0052221507974695,1.098940933305481, raw
1728061821762,0.996326641310845,1.6733136465658858,4.850587777345257,5.839142859938239,2.764849422228031,3.466743758245136,1.0485911542308042,1.0194389560725174, raw
1728061822013,1.6576492369358897,1.64296073525444,7.327855374706695,4.890788730880029,3.186890161199792,5.0793085328476435,1.6789604868359163,1.901563184074129, raw
1728061822262,1.0494732860174416,1.8499447241335085,7.5928871652889445,5.590067355895164,4.327441063010072,6.988942664991601,0.6981354116998446,0.6468780153788651, raw
1728061822511,1.468312992423928,2.075546221510527,4.115421299526771,5.5960427029397035,9.025089570247529,5.065761630952762,1.1967933071811931,1.1579263140250928, raw
1728061822762,1.0891841990533528,1.8300124836035718,4.667173942982167,5.666936863650449,8.652080989833248,3.6632059469417433,1.686746589173616,1.8071252208024058, 1
1728061823012,1.3464968904969281,1.8043003591024167,10.973903894109696,3.186696075692059,5.867388789317897,12.251722575402864,1.3240709761245557,1.5712637323035326, 1
1728061823260,1.6344301174294937,2.031292257355456,5.8958986909103706,3.1166432668728565,4.308200229536324,6.863132001299126,1.4416097541753023,1.5782510763265671, 1
1728061823511,1.5615517662674678,1.984633894065252,6.157535053863501,3.5815704258006256,2.9673785173234437,7.042907716789604,1.7261696733410217,1.5948753346497915, 1
1728061823763,1.3576706297265873,1.792908460591543,4.131660876320483,4.746556031313093,2.5634196601422468,3.4428644735327367,1.2066739589173285,1.3097193778910519, 1
1728061824051,1.5569068426065877,1.3541458853823056,4.078562705060242,4.662487728958723,2.7553823420997223,2.192760963693647,1.6329212207815684,1.5845027038463024, 1
1728061824262,1.2177800294907497,1.3454963270384575,4.8082431305276385,5.118538789948872,2.3473647820324004,3.3814420113872368,1.270034665112504,1.5628184620241485, 1
1728061824511,0.9403947363587434,1.4049424940103754,11.579399717086407,2.688107961399788,2.0696295942078167,2.3979269471853613,0.876565821817516,1.0117446778237114, 1
1728061824762,1.6518952888494662,1.3695431920793788,10.228626585466735,2.0206267085311422,1.8402130362353653,1.673068176140531,1.489138519050466,1.9762360404787371, 1
1728061825012,1.1847191432232007,1.3229175399610615,6.68914382723636,3.1226424901713647,2.575057452002415,2.0022503397384286,1.0597058878992351,1.4575974956955102, 1
1728061825316,0.9552149447359953,1.6594067344120051,4.985687945051273,3.25759284905382,2.475283555928999,2.8971219164461393,1.4530820352337335,1.4757434492309622, 1
1728061825511,1.1887453067236824,1.4766882540496644,2.9605808656279837,3.6315268545174035,1.994635707198172,2.8433176160961597,1.054232114801858,0.9222539156967071, 1
1728061825764,1.3835618957398328,1.5665883278255788,2.4634956643679393,4.987677574736401,2.340518615834829,2.0483175996128504,1.9800786234261258,1.6483337201748693, 1
1728061826018,1.5726276562976296,1.8043992303934155,3.359013340171354,4.528789355326462,1.9797580664114716,2.8191440339656055,1.6530295357511262,1.9198644423377094, 1
1728061826318,0.9021712500441067,0.8687695707573773,3.4824525092529885,3.0371099426394337,1.5026698139979937,1.5899544315972802,1.0792029697547578,1.2699576321362969, 1
1728061826516,1.0033691669284586,1.3761283188688285,5.055863654917935,2.8237703834762957,1.964602275843966,1.7737477457497457,0.9221090068672516,0.9681686812808796, 1
1728061826770,1.0132767467432056,1.5556509320226886,4.155917192599103,3.1380956478484876,0.9610660517575287,4.185957744283479,1.150588675000878,1.072080126445472, 1
1728061827021,1.234001404387162,1.7852284154393898,1.9051502603471795,2.456801267322406,1.5847068884445832,2.02104040759857,1.3894767466442497,1.4833552963171266, 1
1728061827340,1.3554267389908103,1.3621957218142349,4.80704636630004,2.1588374983183467,1.1585107785818036,2.7392473859885325,1.0424584839559476,1.5638537347865513, 1
1728061827518,0.944092390539319,1.6500173213776779,3.658711921516513,4.388782456814886,1.5816367057632947,2.5276772765943147,1.125116681952317,1.2777695283707482, 1
1728061827764,1.4413673181455482,1.948336080086377,3.595005152970112,3.2633053657072812,1.7627229462926537,2.6984825643558943,1.413672172335638,1.4164440235622224, 1
1728061828013,0.9796609607513285,1.1535959764257695,5.435701173117085,2.260387664742694,1.6536547408640425,2.20748983227992,0.9984324970727312,1.0338540521159791, 1
1728061828320,1.1682006737078798,1.778696350018873,4.465053423748854,3.4347075312166058,2.185797611315869,1.8717490912745811,1.262046081307779,1.075433580946675, 1
1728061828512,0.9058786662522503,1.778802591924743,2.628395368734061,3.895165532769201,1.5381837384216865,2.665597005895023,0.956554677071404,1.1071940346026166, 1
1728061828762,1.316480282656034,2.0898511145991017,4.3121040332713205,2.3970955194500205,1.7739843035309406,3.301934193169087,1.1615148018382833,1.5735037109125474, 1
1728061829011,2.5764020209414427,3.3344818919261097,4.4852177199994925,3.444080098921013,3.0461698293100525,4.2872369563755885,2.7642266145892522,2.6283339114422937, 1
1728061829322,2.142708997700188,1.6850428610363728,3.4992133948738564,2.5748795133245244,2.1260371294636258,4.963199662364833,2.3670280823482526,2.3007393122033757, 1
1728061829511,1.8370346271586189,2.359646761363406,2.4203580246406875,4.173466440551378,2.534876959638536,3.3369317885605105,2.0205903802979353,2.0791055656169144, 1
1728061829763,1.7550295704059056,2.2372207382738316,4.6664759698890474,4.200586469753656,2.497839786791638,2.7895136192898566,1.8155867895572568,1.8055969274014718, 1
1728061830012,2.7885079407049047,2.9103470757955083,5.814338351834335,5.033188117392184,3.073211588041123,3.474224704258589,2.6302647250541034,3.0030637746807503, 1
1728061830262,1.8469567666502757,2.365480388050866,2.8180424191240103,2.79645729415374,1.9561992683445817,2.679019371055191,1.720626221132187,2.089928856903734, 1
1728061830512,1.0501603540337425,1.2503618336248197,5.804574170878005,3.7920158584842403,1.8324618925804381,3.3684874511327165,1.0783551183532643,1.4748473520884802, 1
1728061830766,1.042315558471497,0.7278645811501548,5.992287427392695,3.301771617480531,1.8508398374651582,1.7428223782200873,1.111521488450133,1.600016383292266, 1
1728061831014,0.9518347209507093,1.5529105824205545,4.876999563589214,3.863111445001597,1.6380619493846373,2.0381775301967604,1.0966799882624956,1.3167530495509083, 1
1728061831261,1.2015780961881677,1.3499643743163712,5.577132259954997,3.540189772742555,1.484320694784048,3.7554150482293513,1.0212690763673595,1.2663280789455256, 1
1728061831516,1.323947529063058,1.5664237119844824,1.9325890863693864,4.140960364374072,1.8603805274802692,2.6499551674560173,1.3874456307384617,1.3725841455621648, 1
1728061831769,1.1786138271212425,1.5980204873980235,3.842748488466855,2.120867133745837,0.9478312802402336,4.643974158966791,1.1981117127088485,1.6683154829658635, 1
1728061832012,0.7899056916596496,1.6778163564372592,2.4009493869196925,3.6343351802501647,1.3287145473922601,2.4185908877730715,0.9297777330100033,0.9281109229442797, 1
1728061832262,0.801536191415707,1.5887243600643357,1.9225023355219326,2.9503628757608156,1.7827300966527357,2.8452351053521334,1.164459573406078,1.2032161143177997, 1
1728061832510,2.1134697659423853,2.542764950171562,2.891903695001543,3.282023986554831,2.0343917830093248,3.7700161018611826,2.207008591081156,2.0142266536847178, 1
1728061832761,1.0895746902689094,1.8180059569588698,2.6824677488406303,3.0490001647858915,1.0300504264664891,2.8093186183801113,1.018668825900362,1.525584578517454, 1
1728061833012,1.7032366088468456,1.7932120067497728,3.9988903700515968,4.370981920334265,1.6523681167213062,3.4423458014759474,1.4657271328441333,1.7223961573070572, 1
1728061833261,0.8537386220464355,1.0495248341167023,3.3862395231491558,2.7612597538813044,1.5294856481891113,2.7868829961089694,1.0109115261660697,1.033068259611219, 1
1728061833510,0.8639775918313712,1.7347218761512742,2.00845500761115,3.097387774478962,1.4356667449059066,2.4782025298584505,1.0195092539712545,0.9680253013557976, 1
1728061833761,0.7934342504626184,1.7808482664000682,2.421957955074886,3.8141166035976206,1.4748662661101437,3.1443495409373976,1.040150295227765,1.0522470782460895, 1
1728061834011,1.3133471072776872,2.1126372908491686,3.467036969860194,5.947906856833907,2.1561316611770596,2.5017328112686004,1.4334892503715349,1.921175110186006, 1
1728061834261,1.040386402692184,1.5055695076639937,5.435263240131026,4.1786767272971925,1.6449993446122757,2.513445822033016,1.2617627314213553,1.7915139006294107, 1
1728061834528,1.4348893777310328,2.196683731963569,3.4279925679455174,3.384869619756667,1.2771941127859305,2.50642131633638,1.3655319769783836,1.3941838375196682, 1
1728061834761,1.4263834210556423,1.8560730863762664,2.224495047567208,3.405619830383831,1.2361681972957739,2.617842073676013,1.2813608872916136,1.4788919266466758, 1
1728061835073,1.2322857780716159,2.14831928928631,2.224436257735619,4.818764625677926,1.69844796848724,2.990755587951237,1.3477875141478088,1.6242701993115138, 1
1728061835262,1.1076877211011638,2.1077323105491987,4.275128302391225,3.568065537034077,1.2101886403946234,2.9331166325766906,1.5588268008433295,1.1865239224987365, 1
1728061835512,1.1552664569231683,1.8511192171863715,3.5401299722434256,4.069497756726477,2.218944413518584,2.191410930486991,1.4139919660510751,1.3282170620454075, 1
1728061835788,1.451917073502064,1.6727325368749555,2.712838207649575,3.3140051885474997,1.7641339271837493,3.1039589349487304,1.4971744818839046,1.7564371443848792, 1
1728061836078,0.9969500800808534,2.117306205801283,2.286544490392176,4.606627510765439,1.1134831668660072,2.964714635970964,1.2025626827288067,1.3759498685671476, 1
1728061836287,1.2895213350583445,1.3082108394769456,1.7715882843754034,2.9106584751984332,1.3532074966364689,1.4861887126941211,1.292309354174484,1.5584132362673306, 1
1728061836517,0.7260354427378286,1.1203503158997903,1.67928525081866,3.2213377145363,1.1934773846402786,2.476398067344336,0.939872401858881,1.0950582073255957, 1
1728061836763,1.3161416414004872,2.4211201361438293,3.995725344926955,3.7347865933125695,1.935110447226376,2.9390927962873996,1.71697902544964,2.068019368611464, 1
1728061837070,1.1338970149978764,1.4361060740920926,4.912971689323857,2.0476720285502323,1.3423463069053956,3.3091886567936424,1.3103868447793425,1.2863594724002163, 1
1728061837284,1.1330980650026286,2.1540717755186622,3.6329347162743875,3.8096184198527063,1.887527358775211,2.666692431318348,1.2571506061296986,1.4839493239801163, 1
1728061837511,1.3028913477798194,1.7463488470011324,4.796446686647207,5.781240147969438,2.554379826044107,2.2029950121019546,1.3913002057201047,1.258739480019811, 1
1728061837762,0.9395997975327531,1.2471717638721374,5.811393750917526,4.317687901137551,1.993074961932815,2.850184314478165,0.9372805162822755,1.0304962586013664, 1
1728061838070,1.4642914834874188,1.6207089399059689,5.171753285076426,4.364378999118776,2.8635894809400613,2.3148319622765623,1.5124924104770203,1.5805727156278702, 1
1728061838261,1.1757995581766132,1.539033939927614,4.053860687960671,4.419665672317141,1.1336591424061004,2.826517320655512,1.145380164511711,1.4382661093962235, 1
1728061838511,1.3159183899883187,1.6176683922745942,6.73992137525001,4.890284693061841,1.7041563265996689,3.743675630773398,1.4374897063288425,1.6368975105317844, 1
1728061838761,1.6432846609316585,1.942519592582312,7.321542625085946,4.005506954123853,2.6007512301764324,3.896712564406739,1.6091959430958855,1.7946423072100528, 1
1728061839068,1.4204878947089759,1.4968064251054503,6.929868192144672,3.0859683635913857,2.738551158180358,3.812780976175086,1.351634222300944,1.5555101257769648, 1
1728061839263,1.6962826128041515,2.7639765952716653,5.4983694451634015,3.984498829486057,2.3836144461219804,3.2047649831388445,1.533096444886529,1.7991610989823346, 1
1728061839511,2.396148190676777,2.5723971383115427,3.882805730124752,2.6219515826534363,2.0582813669067748,2.937425021893915,2.3593457242508475,2.3192694085409005, 1
1728061839761,1.941874232972343,2.1297916270280117,2.7566561936547003,3.7813546070438866,2.2984024561728567,2.2227486020805935,1.983050553491736,2.18849336897984, 1
1728061840068,1.3709370325079238,1.643026340956479,3.1263970143912876,4.980379511639487,3.0892628779191527,1.902034446946928,1.4248980596361247,1.6080175660979972, 1
1728061840262,1.285254328210832,1.7644783087393447,1.6165161558257883,3.197909151377393,1.6401537696441488,1.8828832430845945,1.2811723867750289,1.1621377576833987, 1
1728061840511,0.7874423288810503,1.2683862072198362,4.372420062848462,3.175798915321255,1.8618560314464234,2.7080876274934726,0.8936763782145761,1.295634321782903, 1
1728061840765,0.5346486754465998,1.4526744853780746,4.749894973746915,4.319293566089479,2.1771078686503746,3.480200260328872,0.5502173377525984,0.8174366365071887, 1
1728061841014,1.3976421206728482,2.296272268442216,3.7491848392107454,4.050595113741235,2.3936863672414277,2.161259525480444,1.4222156634581102,1.701149376352314, 1
1728061841262,0.9673557800985315,1.8076099912960228,3.740882172875877,3.5264737320525397,1.8828871406816197,1.5979344345602577,0.733329564962184,0.9902921478075082, 1
1728061841516,0.8531151772611683,1.1946512914711789,3.8134882612280814,3.172244608856346,1.7156124250448048,3.0269851578069864,0.9122289031514312,1.133985421516509, 1
1728061841762,0.8810975986927798,1.4041060565801284,2.06384999986763,3.3048436713282126,0.7292420898155441,2.686462055432839,0.5166995769761756,0.573936394418971, 1
1728061842013,0.4416426165512206,1.1660000804280148,6.522333687936659,3.2716491972198485,1.3032631034629756,3.255363766315797,0.6948591241242303,0.8178838730535923, 1
1728061842262,0.6295655025167908,2.0398926890729396,8.023724451270304,3.451231684066886,1.8337982683794867,1.7610455200597432,0.8816924832906123,1.0632523984239777, 1
1728061842510,0.5540810313917609,2.357211069022068,7.624389834392433,5.2560077907872405,2.169153048443318,3.657302430868156,0.5782274927176703,0.8599184664605459, 1
1728061842761,0.7946821459228038,1.148214584432138,7.827391188555749,4.274964791113381,1.971721700268417,2.4478415572272647,0.8998547866315069,0.8370874590475791, 1
1728061843011,0.8523074897245444,1.5854729574560547,2.074777494054816,2.8678644422554758,1.4062196684652224,1.6490276800184311,0.852637781586817,1.1729302869388594, 1
1728061843260,0.8201885541209155,1.848585898290635,2.0165670714126955,2.123432591613802,1.2084975135626328,3.0097761921713424,0.9578457471906354,1.0120417786739249, 1
1728061843511,0.45146260420243006,1.3499979804804052,1.3673795862609934,2.9415751154077654,1.0001279572830535,2.00817168137614,0.5513695498852802,0.8512517339780132, 1
1728061843762,0.4320504163795571,2.0241401614713763,3.4367057659807845,1.8263736504696182,1.1472007471055226,1.5993886581993684,0.5073082495440576,0.971002624006339, 1
1728061844010,0.6071325749308486,1.4839809032681222,3.212952051046587,4.374606343991982,1.0412577875812752,2.4813746350921972,0.8502847457747786,1.1788886011377662, 1
1728061844261,1.058005573329015,1.2456471122586743,2.8087893824227494,3.774531094270681,1.8281197691037896,2.64331033448286,1.307337646829896,1.4805307888003534, 1
1728061844514,1.0441325795608638,1.2389426900138796,2.267057850426785,3.4334524556967843,1.272291875197752,1.8879799742113843,0.973289502188707,1.0247387860382116, 1
1728061844762,1.1919515952098225,2.499171529429578,2.454015111267656,3.6715603877863083,1.9787690161256453,2.685646660308847,1.3727956046473806,1.6163590977489033, 1
1728061845010,0.7863395438224188,1.1641754864902245,2.8420748811810688,4.656852135908906,1.8200866192754728,2.323512436536016,0.8682973353600594,0.9854907350729888, 1
1728061845262,0.6829418980832841,1.6222915491154641,3.850593256585091,2.634644795300207,2.216534898341571,2.076522095124219,1.2357162777097033,1.1905186377526644, 1
1728061845512,0.8931955798922081,1.2372280639519972,3.9696314965949395,4.6981306442618065,1.8510894374010372,2.8481099681530386,1.121242679360631,1.1999067587435204, 1
1728061845824,0.7346530543351628,0.9367650375379554,1.5063001562538005,3.126509856504988,1.8284923273380516,2.284044557668002,0.9350950483151129,1.0354040673417655, 1
1728061846013,0.5034224919360916,1.3491540749134947,2.055906470952005,3.5202205918704323,2.3382713006353275,1.9871990310224166,0.822510008180418,1.0812155141993007, 1
1728061846261,0.6538108357184428,0.9224142446799348,3.2186136678484436,2.566491997957884,1.8143174304178251,2.00050681509313,0.9583707058625688,0.9504063973798392, 1
1728061846515,0.6348442621901974,1.6576450848966529,2.740915250398054,4.382762562969475,1.6720108398186322,2.4330303444157306,0.891784388947535,0.6764464554995894, 1
1728061846828,0.6335802333951461,1.6458243531404217,1.805642655512332,4.789152874192922,1.79908865938913,1.7977386725355413,0.4456728608886837,0.7770331400244773, 1
1728061847014,0.49820175734500677,1.3835888833133327,2.1079142699428033,2.7812149221131426,0.9807043761414219,1.8679050429183235,0.7860815507722878,0.8558957309189639, 1
1728061847261,0.8222952775944722,1.4902144114473002,2.760172707251284,3.348842411313506,1.7403268836214243,1.5134327008865553,1.3382741358853694,1.1278000685691667, 1
1728061847511,0.7173527684070546,1.7427822252286207,4.232918705190422,4.122743820241747,1.6581994756945242,2.3447759873798937,0.7211556808876347,1.0867758352104806, 1
1728061847818,0.8214918258120297,1.2661709561988683,4.0094478607914406,4.436496653747163,2.2185432819518542,2.147579359027051,1.1623060875036313,1.0563307008502365, 1
1728061848014,0.5555144694973326,1.1563318331218861,3.193553680709844,3.7416447583736567,1.4733999840009033,3.3663891614466057,0.5865770959620836,0.7815357302805228, 1
1728061848261,0.5966178223815014,1.2827915351846024,3.2764011450378225,5.0528043640052935,2.0923781531482306,2.721085679808928,0.5668390237751803,1.0470251004057243, 1
1728061848511,0.63783838539234,1.202491177046831,1.5980445754255805,2.788840767565477,1.3400370517939604,1.9613923646565934,0.6454209336725539,0.7982600481200055, 1
1728061848818,0.5323948231783322,1.6556783661729884,2.6259767101163387,2.938904582192634,1.5152260494394527,2.465976774293043,0.6480244039580338,1.0051622509422096, 1
1728061849013,0.6471766532939404,1.9828730708115085,2.506057576480673,2.853050882220557,1.492113945073273,2.313547206848487,0.5028966172326983,1.0578447462070468, 1
1728061849262,0.5880682387034422,1.4327889626677077,2.0047452114903503,2.339679631606776,0.7506290536522437,2.179581485106643,0.5384437112661657,0.6842763518331367, 1
1728061849511,0.6973812155999541,1.6599826550339603,2.089509623879222,4.142610468467209,1.9034951458565885,2.575563231230781,0.6643871156509598,0.7644788899665707, 1
1728061849820,0.8241319734680282,1.9421531584610665,2.8360517912263883,3.842219083314305,1.542258298131355,1.8028424003295287,1.071602910122448,1.0354992259969844, 1
1728061850013,0.6517556014549251,2.439648359571536,4.994796605431564,2.351696596764309,1.1499047416871897,3.06254654216372,0.9027965686827343,0.9670191753521823, 1
1728061850264,0.5914033132557077,1.99478866161498,4.443898006827704,4.271451260319201,1.563879276474487,1.839742477611658,0.628862432930289,0.9554221269742177, 1
1728061850511,0.6149530346534158,1.2721169846742244,3.4640447627637894,3.2815900819959642,1.3204455468246183,2.6025217448663978,0.8711019088086657,1.3678709747208768, 1
1728061850767,0.9626269968967183,1.4232331724294986,4.630935856257775,3.0829325668498115,1.977952485925089,2.3090593402703252,0.752041659095633,1.2568193003445662, 1
1728061851014,1.0198473295598747,1.8493834672174319,4.622584358024885,3.635010192945791,2.1525930547340892,2.9768558052250373,1.2009332526835168,1.2654480428106676, 1
1728061851265,0.970324298254138,1.5393916831008452,2.346925164338457,3.5610965182656593,1.178112779006402,3.3221192837082056,0.7696766831509124,0.8208610204054766, 1
1728061851514,0.6643085126330132,2.224510390341015,2.4614934814304674,3.8455296361204834,1.5859795035328457,2.165783743620464,0.8705063412365728,1.209317427707349, 1
1728061851763,0.7726679390792456,1.7518591852125445,2.6079667525790455,4.584786911636871,1.387342032379941,2.459346271867094,0.8713448418469659,1.2746235263812926, 1
1728061852011,0.616831903213775,1.1555314701412154,1.9121211127963873,2.9386269372039298,1.6349728295015145,2.163980867677356,0.7519654062871441,1.0117892311336953, 1
1728061852261,0.5955677995944856,1.6560954721924197,2.154330795403988,2.7276773654984097,1.5713531262168934,2.7804802108470104,0.7198307935764054,0.9882359206715061, 1
1728061852511,2.6698747013601327,3.754060394044693,3.5269159643174413,3.987810434207468,3.0510351110446976,3.1296178376486252,2.7336992157986058,2.6686399860858163, 1
1728061852761,2.302342947420588,2.708699625379557,3.106429920965591,5.8017578832736545,2.671443570874852,4.138143360501157,2.2857775680834895,2.1845200873315362, raw
1728061853010,1.862753493105088,2.2846371706887845,2.7944247526918833,4.224244790611877,1.973830562458943,3.7087431311099155,1.5499831458228936,1.9746678419112418, raw
1728061853261,0.9416776457366431,1.9245248236922419,1.3943756338909143,5.186768428138674,1.4383955925011176,1.8153817573617457,1.0961864009169926,1.355720935850823, raw
1728061853511,1.3447387950825713,2.563899243121921,3.2152969229315524,3.8106372869207092,2.005192986590126,2.6121010706460615,1.571680743634285,1.4478916116742044, raw
1728061853762,0.7501029456809455,2.6384041311034543,2.2969362334236845,2.76769748331546,1.6487862779246067,3.0396281011180295,0.7464025032634782,0.8684800441024962, raw
1728061854011,0.6229849942061164,1.8530553231995153,2.5060844304707657,3.3690238006260507,1.5793459639570362,2.50433417852191,0.5994130223019609,1.109570115211603, raw
1728061854281,0.5603925601999793,1.5238387406382532,2.873124045084684,3.213877666692807,1.7880974487764065,2.813748857684365,0.5795591737541247,0.6868590253355418, raw
1728061854512,0.6773057493879002,1.166700913984088,4.237563243993591,4.185462952455102,2.2500004947357803,2.122806425164892,0.4421247219511668,1.0486641990057255, raw
1728061854759,0.6282948218689591,1.2645805981586724,2.8292258008911295,2.6987880865825034,1.2543722931464751,2.48581738996126,0.8669097932771843,1.172693760230627, raw
1728061855011,1.6606456525854603,1.4006567023223233,3.24191960563685,3.0194376811272514,2.1734149100588023,1.8622482088748038,1.6433340239570144,1.8529090175646101, raw
1728061855262,1.2274999410169347,1.6639133365545484,4.021220772503362,1.7480118194089629,1.5911373295179319,3.2376980424920543,1.8959041864289061,2.0117448616668745, raw
1728061855514,1.1234270781274587,1.6073651299916103,2.8515572735410935,4.437483686190381,1.8820086181793032,2.864484715744462,1.516352134806111,1.7023903175829274, raw
1728061855781,1.206495380503904,1.8809793975657196,2.494842768323023,2.4684509761986826,2.398087551644266,2.387383275903265,0.9770046683996942,1.461162060507857, raw
1728061856015,0.6255221223978249,1.2204625971161034,3.3833708682277353,3.204089934256668,1.273649237589465,2.772398836541645,0.9344320284217515,1.0810642975739162, raw
1728061856261,0.6413525607116229,1.6057151616570002,2.039427496838017,4.111092804793319,1.0982718528995927,2.814881884857825,0.8231711222001913,0.9687061028406918, raw
1728061856596,0.538970916820351,1.718182652000427,2.339713490641515,3.4876243927513584,0.6840758301750075,2.50679527827504,0.7888732476805971,1.0784636429804477, raw
1728061856767,0.6920899890314967,1.6421718224472128,2.678345119807368,2.929007740446833,1.1886205169311415,2.252971507507961,0.8469416114828457,0.7663807964465448, raw
1728061857011,0.8589834522183837,1.267779605183076,3.0728154368168106,3.0753947438693925,1.5466505412497222,2.678996944074223,0.9655080170735162,1.5968608384138556, raw
1728061857261,0.6162208629574457,1.5342029136966329,1.837110362593956,3.657100229964253,1.6985582514736024,1.1868449735657467,0.6593218674517147,1.06377272299403, raw
1728061857567,0.9993475941125592,2.591157480698981,2.5875060966252525,2.9181483701886175,1.7287376667618406,3.0432627652711783,1.0341185789294975,1.4294274693010498, raw
1728061857760,0.4547969134026916,1.4744583616481075,1.976493220011504,3.783485488150061,1.3000148749852296,2.2395603881918547,0.7370929436191238,0.6391705554049815, 2
1728061858013,0.37841066140364843,1.4797883176530766,2.2244611104533085,3.9658761040671777,1.6950498763849446,2.821588789678097,0.7418894971254548,0.8499261420231033, 2
1728061858261,1.2631701535884345,2.5805460177639663,2.994415462861132,3.759073859514604,2.6888529164012165,4.0729219293906604,1.0071248377393185,1.297582524734458, 2
1728061858565,1.1724581381078127,2.8295475353035817,2.098278404567421,5.664554254255201,3.1271594342902653,2.954017194969442,0.7727673310909142,1.2478500075974719, 2
1728061858761,0.769281627160257,1.2750407025216957,1.3571840816156606,2.898816236392156,0.8428567491257545,2.2038187369147595,0.8260162045351566,0.7357315895500882, 2
1728061859012,0.5792548249258024,1.6917840604871084,2.353776984186259,3.9707510526844967,1.844752041577652,2.5264169143998942,0.9663441888126234,1.2003624229511551, 2
1728061859261,0.7319133257741557,1.9416059853389587,1.881237500852552,4.350547512005741,2.2830085208046316,2.713037044662627,0.8973199342181822,0.967340097235178, 2
1728061859568,0.5263811396393518,2.4580681136928053,2.097781567521287,5.390457402475202,1.742671815449982,3.521327162820218,0.6298748762318926,0.9195963774592689, 2
1728061859761,0.6291824273948965,2.038679491817352,2.592660577785539,4.078291404328277,1.6843115637342843,2.624926115870482,0.522365151433104,0.7300363344968206, 2
1728061860012,0.5947863893619106,1.5893162435113846,1.5796992803759398,2.7531668946543144,1.464659483936099,1.6100238591100888,0.6727886001885379,0.8871640644954913, 2
1728061860261,0.44029319170014736,1.287012599044453,5.364133775241736,3.730553128545856,1.2408729916630772,2.5024303391811307,0.5966144641672549,0.9854436683531385, 2
1728061860572,0.5311803133231714,1.5522954397426254,4.399822256679809,3.8499064298657597,1.3302267431811219,2.448442170582657,0.75269654556885,0.6546997504376239, 2
1728061860763,0.9251699447574876,2.4094544304730667,3.3681708199101723,2.924113474353784,1.3027390608073781,2.854026138059209,1.072908766464908,1.3454697783035436, 2
1728061861013,0.4409472833008984,1.2476205814371797,3.2618858065394485,3.5791921576419106,1.4961804164945685,2.1629051201358145,0.3011151810637569,0.4970223799027813, 2
1728061861261,0.6199610220153444,1.5025458318910665,2.83746907971293,3.9092815279469235,1.0530382575638422,1.6552438995376253,0.8967576579392961,0.9987178574679757, 2
1728061861515,0.5057003308721614,1.2030920783081902,2.714536105064938,1.5456568575082603,1.1322179492534903,1.5129056970175323,0.9385685989736208,1.055653701068344, 2
1728061861762,2.086424787094339,1.644645831676628,2.7690442297741273,3.7972043743229205,2.072425634515911,3.734766631184104,2.3911118973677734,2.6085482652767267, 2
1728061862012,1.0583387334551777,2.4728690881626814,2.3625482522044154,4.554399547943053,2.079180499576412,2.6404619779502707,0.9622824297279929,1.4289155965480917, 2
1728061862261,0.8634557857050302,1.6345399468987436,1.8785496255496232,2.7681651996161354,1.2249834645513686,1.833015520757131,0.8581182710849138,0.96034228229647, 2
1728061862512,0.6689168988223436,1.4582641685169029,4.095441152197609,2.4766290186596525,0.9400115717189226,2.83651071572752,0.6300916352972868,0.8755528063291829, 2
1728061862761,0.8396155493825076,1.8372987034192856,4.4570724082735556,2.382495731838768,1.3200120219539007,2.2581851868917067,1.0764210493701079,1.1643245033555867, 2
1728061863012,0.9260485818168844,1.761449023295042,4.317452074381377,3.0661432484944195,0.9507074885224542,2.5538637802556527,1.0370755342284594,1.2118120217149972, 2
1728061863262,1.433019584064092,1.9521259413961873,4.806851348198532,4.115652132761394,2.253564861284425,3.153355048685758,1.7765913502321957,2.068000335171602, 2
1728061863510,0.7731713929441444,2.2922272223682842,3.9746483240446326,4.805941232650756,1.6275018561668675,2.776077636776792,0.9365484574255394,1.1611372553763872, 2
1728061863761,0.9077179154838007,2.2887985642211155,2.2178686534022676,2.7792505641021257,1.284903820195286,2.5295603107152327,0.8516316922892548,1.063469262874669, 2
1728061864016,0.7056272790244892,1.9001537766331704,2.6862902639930555,3.0145698532664533,1.2242218501864957,2.668318016930944,1.1003507938114176,1.2408570489092714, 2
1728061864262,0.7803008529597133,1.2225392100326862,1.375161900446627,3.142878191067106,1.7509706911987064,2.152508895706216,1.0293790402426621,1.2540390229236864, 2
1728061864510,1.1463415690525016,1.9325242831430047,2.1399719518654767,3.537947189877523,1.6483845947664477,1.9105485192780012,0.6466365689968558,0.800293883853949, 2
1728061864761,0.9332883494956816,2.333044264456285,3.4933675360361653,3.0360794597492364,1.1547046385923583,2.3295303524732245,0.759771383430975,1.0357903921748914, 2
1728061865012,0.7632344675113845,1.2398929196681123,4.043299491908757,3.4499060712821255,1.6460953837330392,2.448636754494713,1.1628233371296421,1.8792780740829775, 2
1728061865261,0.9254601182707306,1.7065213281603802,5.088354190579714,3.088016347127127,1.6063736687285561,2.941459692892461,1.1102578375163157,1.1761342536654806, 2
1728061865510,0.4702815328167862,1.5526459209865346,2.588130989744915,5.433971109399966,2.2715080689970484,2.48133215158535,0.7873084941222341,1.1339680027096015, 2
1728061865766,0.5021419341025758,1.9836200559674135,3.06699750114519,3.720065027009508,1.7440964709866191,2.345617059357371,0.9197444472736702,0.8694523040795716, 2
1728061866014,0.5721057041814015,1.7439765213049612,2.4896369730688184,4.131830589894527,1.5732076407640183,2.6901795280594474,0.9115066460558291,0.395795412600309, 2
1728061866316,0.6071631490294568,1.3015586246949433,2.462255638709091,3.0187312835367397,1.7211731734521956,1.8879893109583843,0.7144117061191149,0.9828627505289808, 2
1728061866514,0.45025913460514505,1.5018898902171456,1.6355029621456818,3.268545929231267,0.898703442084316,2.289415148522381,0.4784993365000021,0.9157400621734928, 2
1728061866764,0.7008354923460678,1.7718518324345058,1.2481060232485937,1.653548957250922,1.629580197240041,1.5506050707153944,0.675002729387319,1.2240669997975842, 2
1728061867012,1.1000628119058322,1.9053944929632936,2.3388287880009093,4.874566098299564,2.2188613264099653,1.9732476439836621,1.248522883685964,1.3720803554701055, 2
1728061867320,0.7125534345031896,1.7437173670175217,2.4709524032327064,3.639846877906639,1.038592407847072,2.244827574344305,1.168388026281835,1.3150728636810358, 2
1728061867510,0.822036475219043,2.4170310245205573,4.248675906997229,3.7332477240302873,2.126231663146704,2.13123431399858,0.805802821961594,1.0813156097483438, 2
1728061867761,0.6689733771446194,1.743645417872871,3.765096953889835,4.825345327008656,1.8862121261288725,2.9344223422903344,0.6446481382453244,0.780672224634237, 2
1728061868010,0.7223394810485385,1.3140104314012395,2.1506070597904907,4.081329422946467,1.7771471191734838,3.212837233948624,0.744645575877379,1.3488642587555577, 2
1728061868322,1.1483687898671082,1.7865509664654613,3.9282814442681637,3.303625266069437,1.7097303139446074,4.22332062780171,1.306863764986495,1.0556097842312202, 2
1728061868511,0.631772436347326,1.786811536641597,4.147953128390764,2.5852908005163537,1.2982114095015211,2.2281526508160616,0.862215535834091,1.0460915451388264, 2
1728061868761,0.7988615170990956,1.7260949523033946,3.854659633373846,2.4477312473308808,1.4629393836118494,1.5221098169142344,0.7676861160121914,0.7688057012155564, 2
1728061869011,0.534209915246761,1.8292676554587155,1.81640307790821,2.9796733417405834,1.8372500558943896,2.0170294206156156,0.6255052186837432,0.975079724072773, 2
1728061869321,0.5063272045280588,0.6158797934633016,3.4443776520040497,3.6431459314747494,0.8806789496060892,2.8296709200380596,0.687099795608636,0.6958585097074992, 2
1728061869512,0.4912767909469693,0.8519213254115932,2.332233486281945,3.603811060855392,1.4620014168689652,2.7620574285298765,0.5640302660464782,0.8076517440664247, 2
1728061869761,0.4693532274342377,1.5891578126881885,1.9640378077661882,3.3208259215776526,1.6036433793686993,3.2909970159426347,0.5994372108645576,0.8387357765697616, 2
1728061870011,0.5204786623705262,1.197286577216618,3.1730331275578103,2.5930262885894404,1.159712074593451,2.378722945869925,0.4655351896377902,0.9417125618164093, 2
1728061870320,0.4505762456165596,2.2531390438558887,3.4970057045125635,3.452211318016586,0.9703432586976299,1.7477520910444475,0.899672924647898,1.1917316215091258, 2
1728061870511,0.6408011840402025,1.598144705633045,5.026335371819559,2.9305401685264285,1.608411440118089,2.058279655937006,0.5821744160569631,0.8864706469087119, 2
1728061870771,0.5755219501034471,1.2493912703271457,5.473488500941168,2.7805183748688957,1.426045581135622,2.780281788825216,0.7893392793332241,1.0197321474912122, 2
1728061871014,0.9036876590361467,2.8149254218248796,2.65707368488709,4.430231886842321,1.6324297435916983,2.710067653857707,0.7856231293606091,0.8905026387814249, 2
1728061871317,0.9545765181049592,1.7199226462617776,5.196572296472669,2.9686692429243733,1.433688678454323,2.344925212080089,1.0035444806584959,1.2145105964248673, 2
1728061871513,0.6708709921375619,1.4372594003164578,4.455846012435983,1.7860736587069534,1.3410033656447224,1.8903481506241786,0.8608836028631904,1.0944957122618306, 2
1728061871762,0.783157634596201,2.190586641779414,3.9309602935436008,3.8878135359540846,1.551604387283505,1.9703380318515644,0.8720910377268649,1.2569527707028056, 2
1728061872012,0.5884167817102192,1.4138498891633813,2.0015330065007984,2.935038640178581,1.4259372761653664,1.9306236642300985,0.7029215911008421,0.8965598870833872, 2
1728061872259,0.703696584787846,1.7794507554657517,2.4592018740467316,2.994439237613248,1.7467600522776259,2.312973354085093,0.7530387970099127,1.0119264552317704, 2
1728061872510,0.5913067068058182,1.8739164707292137,3.1200798289912672,2.1401909556748593,0.9979868390551826,1.707135300601132,0.6883749994048347,1.0595280796491062, 2
1728061872761,0.5540920625961662,1.5474732807386413,2.628057929157237,2.3635167384514326,1.1000610227350525,2.1422010889672176,0.6794881264324445,0.6577071976208647, 2
1728061873011,0.32827903779916745,1.6541923748319065,4.569219295173145,3.2821951394890565,1.3766224336986517,2.215313902564285,0.36391749467721113,0.5291401592136185, 2
1728061873261,0.7815584055476933,1.5394047782354905,3.84750261926713,3.5052586363827736,1.0981471762713195,2.961122647163389,0.6640924119853441,0.9830553622980022, 2
1728061873511,0.5825552164018282,2.95536223274361,3.1353832147902607,3.559022643493826,1.6078931078742025,2.6811334256834516,0.7024648118459487,0.5668192757453553, 2
1728061873761,0.7221447739000345,1.1482512169797268,2.210606195586496,2.9162909880816383,0.886916573149502,2.056382486995373,0.7142030957413166,0.9335680523397755, 2
1728061874010,0.602145414597657,1.9986960215208525,1.4926658173724556,2.513847818676927,0.914861133426522,2.7330938418478308,0.5724186787918557,0.8647554530530966, 2
1728061874260,0.9007321075152599,2.3102214919542488,2.776928819653369,3.1279030372003556,1.4577316632692723,2.6662864873988874,1.0199033129035677,1.0477030703578853, 2
1728061874511,1.1370770500684069,2.1418406254883195,3.1110209636848425,2.327844910552073,0.8555169678395766,2.902374770729373,1.0117577786063574,1.0667269278009759, 2
1728061874761,0.8493052243994793,1.448902881253183,2.287056604502578,4.3929608838628535,1.6770516863665101,3.9689531655292436,0.7461376960973685,1.0334304839178774, 2
1728061875010,0.5833209512660942,1.9326627097140847,1.8015187582977754,3.079009211664805,1.5351251548591243,2.5272585022286886,0.5481127875405867,0.9623738028476622, 2
1728061875260,0.8057548128491248,1.2698403700850622,1.306851587456479,2.1405362387438958,1.24140302783011,2.541581825926019,0.6222759922222714,1.086433658122922, 2
1728061875511,0.4665171907601536,1.2278287514272854,1.1379453280971026,2.4873335584213283,1.2111783796226785,1.7415164705341377,0.6145074295715534,0.8147112859905122, 2
1728061875771,1.156203519904714,2.2767449630354344,2.7528734358339064,4.056575184747796,1.4254449968164473,3.0761385145762214,1.1320977983139267,1.441040152577371, 2
1728061876013,0.9964019747635517,2.6920657569911977,3.350042647815206,3.4079861916502248,1.5710978522337866,3.915341851726882,1.9599016870221968,2.0575501984583897, 2
1728061876261,0.8175699368464464,1.480837310459802,3.994200623547019,3.7406102263591428,2.5213570694721974,3.116703154836637,1.7538562621062257,1.7071987269086095, 2
1728061876516,0.9746404412059122,1.9786913628947442,4.441127021090825,4.877144812037933,2.339907418036594,2.8788239620525804,1.3924162659042054,1.4069387025446334, 2
1728061876762,1.2142896043226472,1.6086604940085527,1.08298265478697,3.335980226426779,1.8239864755260706,2.08384023247896,1.3769679011027505,1.713621434621246, 2
1728061877071,2.064680394889929,1.695011447265124,2.560923241829837,4.686286339075382,2.614479350692068,2.3495147186974727,2.0807090139037694,2.579926421952085, 2
1728061877264,1.1593545389146096,0.929734247968877,2.9801508318239214,1.8395901715258398,1.1095475629959821,1.8642310894626566,1.057232084222319,1.3221709023330466, 2
1728061877562,0.6750465702446627,1.6432178855840769,2.4980839433233424,2.6488117559383166,1.161066168993057,2.6371190785680754,0.8000174406070938,0.9396718860981869, 2
1728061877767,1.2377396384256862,2.1456166513879977,1.8289997823858866,3.502602963653835,2.0648595550922937,3.138935490907746,1.4287442326676056,1.8096986645493989, 2
1728061878064,0.7011993970776631,1.6582318245356409,3.7599524343769426,3.856465733161989,1.1850185986377706,2.3713600990759205,0.6810061501197373,0.714185373727322, 2
1728061878260,1.072057989782348,2.263830508480659,4.917253226750494,4.087950317817536,1.5039703388773693,2.871638787685353,1.1352580942814101,1.8378945580269148, 2
1728061878511,0.7958542282330341,0.9370211413406567,3.1216363122421336,3.2410044387159327,1.2317224119828738,2.5433446017618633,0.8504253451101533,0.826701550861388, 2
1728061878761,0.6070152804458212,1.1246079269452354,2.511467812500613,2.2640514195041175,1.2620812069618874,2.951364297851276,0.6583376192510021,1.0618268564549074, 2
1728061879065,0.8536190170760577,1.60582324738611,1.9341153713528199,2.3309312000919054,0.9320532806352537,2.5148644937681834,0.48351416159989324,0.6955527561220394, 2
1728061879260,0.6276584750307639,1.38365167977134,2.0054923933840896,3.179717422591836,1.5685723783005932,3.0783780942151817,0.5927404079594898,0.576443263237199, 2
1728061879510,0.8981766912753972,1.985662387031947,4.057201842342199,3.5181424873237677,1.8789942051562178,2.987720564162157,0.9009871470064551,0.9646466966136964, 2
1728061879762,0.8900410660851834,1.6720419927466,3.6528904530296242,2.1404678522581717,1.6377258916416961,2.3024579591250567,1.0040859569346912,0.8397042328650045, 2
1728061880069,0.6260765804826074,1.5501410841757233,3.3729652541157615,3.1863971813155882,1.515997368156209,0.9399738086796146,0.9322671385067144,0.9130801165328774, 2
1728061880262,0.33466376754179034,1.796696142359404,3.232267244860614,3.801737249954903,1.6088487130681197,3.098858509939702,0.5632980080515987,1.1712135823225513, 2
1728061880511,0.5131870253839191,1.8613171939790913,3.2232782698814124,2.4005648058821,1.41945509368844,1.7428454812528127,0.7018685298992915,1.0884299724818436, 2
1728061880772,0.9279681003890031,1.9166682395882946,2.643623033920675,1.9609978896226288,0.9453747341899371,2.204321862092005,0.8085101560346337,1.239126177254055, 2
1728061881069,0.7255403908189839,1.5450106294307475,2.814055648657499,2.753823074908439,1.4025470301262406,2.943025836728302,0.7757116249308983,1.001120034641607, 2
1728061881260,0.6488479408482842,1.2190544401736818,3.132170112582988,2.930961049029572,2.0717935699790613,1.7062154102557736,1.1431048287519983,0.9528353499772284, 2
1728061881513,0.397460920769586,1.4332166213111863,2.91995747486027,3.2846336371013862,1.185006409637351,1.7378594740783493,0.9388413748588553,0.6162685415671663, 2
1728061881762,0.7094871879040264,1.5045599094134334,1.466189763790721,2.842955577779164,0.842589482404141,1.7939484161094161,1.002017387889325,1.0849671967171806, 2
1728061882010,0.714052783398454,1.653678180329818,2.2127810972615642,2.3960876618806677,1.2318142936291177,1.8652553107535081,0.9203869378350772,1.0474657593760108, 2
1728061882261,0.6472642543966433,1.6645266915758414,2.118369229911112,2.8284345665521347,1.0325094755653887,1.5898528854304859,0.6656306920688737,0.8083277631499501, 2
1728061882511,0.29213954360322947,1.6320630645881478,2.546907150667878,2.68588029892831,1.0636194943109567,2.0910606636817417,0.5448032031037603,0.5882487634847199, 2
1728061882761,0.5721662160951435,2.1394347182774127,2.6948768318650824,4.07394191557606,1.422823002978018,2.7538164801082163,0.518447065536336,0.4335058767076525, 2
1728061883011,0.6408839475725273,2.2275800068281417,2.125505947791482,2.4203909377628268,1.1172186157183914,1.7241579848857045,0.6865688418585577,0.6961972191594206, 2
1728061883262,0.9959863132324988,0.9728294767383959,2.0603386910009736,2.8378451591365974,1.7845791489429415,1.3224825085183383,0.9100108952802616,1.0410646130699392, 2
1728061883511,0.7284461930913042,2.092673267267622,1.6974244545151091,2.839563761714404,1.3106659575790458,2.4009752774972153,0.6758718506564574,0.7095848728054039, 2
1728061883762,0.3955931001550075,1.6109442080071428,1.2434545879098229,4.253371337105554,1.9509066508417954,2.063687689448784,0.7801658958924026,0.9538646183062777, 2
1728061884012,0.5661952747137986,1.1240413791454176,1.5387200443783715,2.465956092091007,1.0216065349546097,2.372520536424579,0.607126848644421,0.9202040124599038, 2
1728061884261,0.6330364331070695,1.310966320759677,1.743077275910994,1.6330190673354978,0.7874429538877423,2.293669329058941,0.49101813991786514,0.7313362860282473, 2
1728061884511,0.7193580384095953,1.3169824414572224,2.35750163168295,3.407167343153427,1.3601147615501494,2.2853941372368163,0.6618277370210532,0.9126893216092417, 2
1728061884762,0.761938880286074,0.8072078947491447,2.5694651042312255,3.1822030351043384,1.0980084828036447,1.5359483135245247,0.5795053139522224,0.47804491774695507, 2
1728061885011,0.6586559995244056,1.2875983454044748,2.139927145858319,4.0221680014125845,1.4721522867263332,1.5806563682576364,0.7149480608150588,1.0045692027068052, 2
1728061885262,0.7382469661621529,2.1849089355984326,3.915448719767177,2.1668636007725954,1.0321489039431544,1.1567412917570365,0.6959686170131397,0.8551920371984557, 2
1728061885511,0.7021711186647117,1.1926965615902119,4.277514561390258,3.5955407359143408,1.1287208342324442,3.610454573116224,1.0309534009263126,0.9973140846930026, 2
1728061885770,0.6901733607469108,1.4894021519822316,1.4082316198577578,3.1125444534659708,1.3177770196361323,2.635590401327303,0.9183009524288804,1.1302259708062343, 2
1728061886011,0.705393668513658,1.3457116831668867,1.930386839703799,3.9044337698231026,1.345085657713393,3.3181094724530347,0.5796058929049963,0.6753071473771336, 2
1728061886262,0.5090339954813222,1.2747874490201472,2.856516303375239,4.092127075352175,1.540813621519012,1.8468713923493476,0.853531994852495,0.6594312128234961, 2
1728061886519,0.7651535367471751,1.54458221217764,1.828968971145686,2.2570146073009765,1.5022645350231112,1.99616155776322,0.8972341468644394,1.5581455367939174, 2
1728061886766,0.6722248461051105,1.4074794054956774,1.5804880557724768,3.401227584760872,1.224462547799189,2.4295307366462433,0.7808400805144959,0.8548031064197937, 2
1728061887018,1.0560022497486954,2.276360219647962,1.4653468009871409,2.348597385911652,1.418276919190707,1.6858045447048504,0.7095238082288198,1.0541941305069304, 2
1728061887263,0.8063898664836856,1.5184789346395156,2.5583265291116906,3.8987458695436836,2.166798488387764,3.6606105985785624,1.4008812024629134,1.1701047134446165, 2
1728061887512,0.4873759577932938,0.992397082005582,2.4363870239452594,4.297763921281608,1.6454155481016313,2.5748404377296703,1.2108865387710608,1.1409504693067047, 2
1728061887826,0.6617569654045133,1.1589096869946283,2.599908816351921,2.802573369640243,0.8727205627243083,2.4852914584054826,0.6723066788111609,0.9253559330951787, raw
1728061888096,0.6402930537909128,2.5888818796082607,2.9637359388484827,3.1049312715923048,1.0722425609577007,2.1219567701436626,1.011303238607975,1.094836056381516, raw
1728061888262,0.3953881861545927,1.8450004247024678,2.7785009936598106,4.517780347346382,1.5633328619718443,2.36022315225709,1.3295585242828754,1.2133140506922613, raw
1728061888512,1.1514798602611231,1.4064143610356412,1.4629767326918461,3.7476026042873087,2.526233530909318,2.982149800634328,1.6024398978738423,1.518482539774927, raw
1728061888816,1.1370989114921295,1.7032966190405165,1.9533244748773093,3.9396679051176378,2.062562751895328,1.7178759591578843,1.0157348274370064,0.8839485612624821, raw
1728061889012,1.5435602054629252,1.6898831532420455,3.5028863191047,2.628498789998682,1.7567892147532393,2.811051574672849,1.4411729716772927,1.8134641359158854, raw
1728061889262,1.086661694327628,1.7544119249811945,2.5425870986113908,3.0850185011984124,1.5833764997414521,2.339727264655131,1.0387020856232214,1.3065730892332745, raw
1728061889512,0.49824826160733415,1.4608767927480928,3.00467887584697,3.5821098879124147,2.187255246216766,2.0328441677475655,1.019138278267227,1.502610692779486, raw
1728061889821,1.1856865450376413,1.297278848367061,4.296054359948666,3.2659348665783927,2.0583128358134437,3.0457530581806846,1.4510482822754291,2.036007049693367, raw
1728061890012,1.6882989817540122,2.4618581062581977,3.6615087046076553,2.5666140986587673,2.724077469653583,5.057802052170311,2.102844073763551,2.17933658146177, raw
1728061890262,1.0223397152085603,1.521038140812668,2.869809373396474,3.499402192979876,2.195615560608063,3.370286637143798,1.0912027934145898,1.6408540878607767, raw
1728061890512,0.5577286179894148,3.777776208388796,5.974252482753732,4.3091824773010305,1.886427375442673,5.041531106300933,1.0880520553826598,0.8517629403691497, raw
1728061890844,1.4686645718604274,2.0101628519940107,3.630960966149838,4.212187797491919,2.7928563373317274,5.48023733172802,1.8370408271147707,2.370923221041797, raw
1728061891013,1.1687553210904962,2.044159656442006,2.1293540095340284,4.560640428745412,2.703227199064065,5.0474125341139064,2.062946299242442,2.0777414154005167, raw
1728061891261,1.0434878494033852,1.5244712046350213,2.0503921700505723,5.778853942247684,3.020174509806216,3.512197202094857,1.612446540750846,2.0690280621820536, raw
1728061891513,0.8144233872418041,1.4564911728258711,3.424658758504206,3.7937613971240274,1.5045419652307617,2.7404172528579904,0.8662188789762842,1.5472855874955342, raw
1728061891840,0.5403806969731766,2.465463348493215,3.344514382592969,2.9820168914669436,1.0123626256934708,2.6339128479955383,0.720646086917161,1.0558549703871711, raw
1728061892011,0.44897331129752516,1.819202960160909,1.6900037652172832,2.9653321883975923,0.9433282154914361,2.094000443856334,0.7223050525330955,1.078866598939283, raw
1728061892261,0.7440475879519745,1.842308424718218,1.2410230203613655,2.8059405505817208,1.5033998450662744,1.7719059292358588,0.8339761011850073,1.2161313416388289, raw
1728061892512,0.6391844840233589,1.3221957793817818,1.4770889221695287,4.278119275702434,1.0725225937773106,2.3332802268949187,0.7213238301236864,0.8971366103992447, raw
1728061892763,0.4345624235982459,1.60665295392945,1.9292077661908504,2.416731026219787,0.7085933034479409,2.5525705777587953,0.8220258311173979,1.128338257032499, raw
1728061893012,1.1243740624555647,1.8283308472336293,1.6561027089200357,3.509199542886542,1.3474279309590016,1.227743787715816,1.3490069202046187,1.6382531360002066, 3
1728061893261,0.6091137079102553,1.4291421352717704,2.2008680258930386,3.861963617590562,1.2683161332332562,2.4220915752393357,0.8712466649039986,0.9795702885167097, 3
1728061893511,0.838072565885135,1.8437465921008167,1.5132917663324719,2.220043056389253,1.3159250873062716,1.6202868755650113,1.05525737950693,1.2280060725733264, 3
1728061893761,1.0176426058382595,1.7429412072201067,2.2663181645780615,3.748650939201675,1.8585761579080824,2.5547438726175717,1.101695560987679,1.349109673355687, 3
1728061894011,0.8692595914966723,3.143221834336293,1.930759620469984,2.7127882865391517,1.1859472964629734,2.636937786883038,1.0018768657367056,0.9796654779452995, 3
1728061894260,0.6143252298661747,1.6702501348767587,1.7915882794323454,2.7853394529752404,1.2692068162965688,2.1330834441089137,0.7581759074615916,1.168412940349621, 3
1728061894533,1.120864959130203,1.9107494691848277,3.1085639496687385,3.6846200692496733,1.3347094448642265,2.49779601118261,1.0821793352333502,1.632797141002414, 3
1728061894761,0.4884307374910973,1.046993329781048,1.4286215696511588,4.894769521585305,1.316241795509078,2.654570576632974,0.6382140764310885,0.9161807251892908, 3
1728061895012,0.8475411569427025,2.1024820300249942,2.267301268540767,3.8729796764685336,0.9644806211713755,2.4207536833634453,0.926205113541011,1.0147756564904682, 3
1728061895260,0.6650462586936743,1.3857311576441187,1.6077245223794077,4.84449664606068,1.7052521591227596,2.122111019417468,0.8270736330019779,0.7621027553789576, 3
1728061895511,0.6088206489853331,1.4796513278522057,1.5523184622628559,3.64182285588721,1.0451545576698793,2.3876656586172538,0.6795565401130675,0.9410907732835452, 3
1728061895766,0.5893094573014167,2.3073913138050646,1.0212264930771953,3.491670691977321,0.9631277536989524,1.5560439886989805,0.5398687593710068,0.7961325864090194, 3
1728061896016,0.3505946770620626,1.5694933665875799,1.4642110415309026,3.0117911886790925,1.0947845887100907,2.4458920796030665,0.5460501843187636,1.2283088754964053, 3
1728061896262,0.4927694980831251,1.555172701547315,2.5625073883827274,3.0926225777547445,1.8267218155856828,1.6187545059514767,0.8886861235578314,1.1573966849410864, 3
1728061896514,0.6057290816116692,2.3811670031104466,3.477265831732741,4.265086307258082,1.4566109327489225,1.756623859678464,0.9897042780147487,1.0069064548017403, 3
1728061896761,0.7987537018610739,1.112560307291701,1.9946672321854761,2.6792547022870736,1.1220736473173956,3.40985452397806,1.03752676215848,0.7552226128312144, 3
1728061897012,0.881849779756737,1.5580645946021188,1.6640455849833669,2.966018639387112,1.6432633396488296,2.700154182293172,1.1951534964127457,1.339838069862318, 3
1728061897262,0.8087741884551422,1.3190978489409708,2.2569660127549582,3.075221899641127,1.3924590788039348,1.7237203268328463,0.697420656946088,1.145714467971682, 3
1728061897570,1.1020492210702184,2.5197110956054116,3.227232438041227,3.4690650559234535,1.597008788644677,2.8531388469442804,1.2167657498877507,1.407355075410126, 3
1728061897761,0.6676916583104742,1.4127024677633042,2.4624625099535695,4.985057638363347,1.809639968657165,3.7898987846972068,1.3392416359291934,1.4564577173371565, 3
1728061898011,0.7877371861368081,1.423992541067696,2.988003250461964,4.18551532019591,2.0706601014810513,2.482544117641074,1.1436152861609148,1.4090820829241584, 3
1728061898260,0.9030485601275665,2.036578380103738,2.9076191728657634,2.6252615104728165,1.5916169267184714,2.52010956867907,0.6786492034584506,0.9736232211158714, 3
1728061898571,0.5349145683642806,1.555045874322523,2.0279298549932387,3.191765840344103,1.8525187877410927,2.847550060310731,1.1414011798461667,1.3218250817466684, 3
1728061898761,0.8480756326108934,1.794502522933476,1.4132200136635396,2.4865375117800927,1.4259222724381115,1.5308393422391762,1.2056262640140147,0.8574122398051749, 3
1728061899012,0.7178456175863092,1.4953163569825678,3.5089404844363643,3.1865028343331425,1.3880519347082916,2.841841354484103,0.6420627382700442,0.8494537086383682, 3
1728061899262,0.6139073130880965,1.4272293365809874,2.786174464628026,4.101196812477648,1.1444707086028179,1.6108988877793147,0.8591159390944876,0.8384644910023362, 3
1728061899564,0.6360401801212084,1.5477187509806212,1.832759498130381,3.6389375698507305,1.2032996953325592,1.4568482942641345,1.1002811347972612,1.0685504593817754, 3
1728061899761,0.7407750658431467,1.1501004389437293,2.6579088685841743,3.799826279279548,0.9784408138766795,3.170836299938052,1.2851058667654012,1.22631542095432, 3
1728061900011,0.6292321754146434,1.76797833049205,2.7682268559876153,3.7214948331932423,1.5073894410435549,2.633205172690884,0.5960721712076572,0.9577673876973601, 3
1728061900261,0.5707880058749187,1.2266493802818947,2.19980480556921,1.9360652959784406,1.180670994592028,1.650902968750237,0.48493687238194355,0.9168835387606329, 3
1728061900565,0.5648163381898788,1.4083575996934379,2.204594824257615,2.6966930901756383,1.3973872731116082,1.8354427670514701,0.5845381157971842,0.8635821969827291, 3
1728061900766,0.7897056508856548,1.2512301729380082,1.880542914939301,2.3506161554418563,0.9953922176243716,2.542219984192391,1.0502859784302154,0.811183909687946, 3
1728061901013,0.48149228777261555,1.7186713884091813,1.9941467169261324,3.9610868232572156,1.309178814916348,2.472675951854561,0.5374453111599231,0.8881026815560772, 3
1728061901261,0.7166839699299522,1.2589553624492018,1.5850886795704873,4.325038111252685,1.421175910329514,1.7845503360365065,0.6846120030285913,0.5574149951044807, 3
1728061901570,0.6750894680237243,1.5162327743925437,1.2760104845330835,3.783237188673463,1.2468818978292018,2.8836252507229516,0.5951699460396864,0.8449262135071158, 3
1728061901766,0.559752142314793,1.6788616842092965,2.193912639379185,2.8295736352410437,1.4040200805015939,2.6739994828711655,0.5750884324609546,0.9662647296920562, 3
1728061902012,0.6346932506536759,1.3225359623207322,2.5778408276872904,4.934128468859635,2.1298771727876056,2.3901196314795503,0.887436785389576,1.2106046201955178, 3
1728061902261,1.2025434784617184,1.777975579744492,2.243920474559299,2.305224314310452,1.764335212275001,2.943986953392612,1.4212119385607354,1.6182258624987713, 3
1728061902574,1.1449146576334432,1.030521600995035,2.0841905910530483,2.3070835968507444,1.5616865327405116,2.6964462923855046,1.0372832778420746,1.130611186583173, 3
1728061902761,0.8561743576876463,2.431795159436757,2.0040285675570164,4.312840245774362,1.0113929190997113,2.2097233077460254,1.3293994528750208,1.1929107874284515, 3
1728061903011,0.7437053075715577,1.6052765686103914,1.4218535169870163,3.733615699303142,1.7266213416852456,1.6166014533125563,0.9212270442705576,0.9927488660341101, 3
1728061903261,0.4643840462654338,1.2022786419695255,2.6393818245719314,4.964026899028654,1.6893254137104567,3.7218136899259244,0.7716178113229524,0.776780535601253, 3
1728061903510,0.45055596232279427,1.3593486694350916,1.652162299330139,3.856815414203986,1.4000978006894005,3.303468479103805,0.7885624860030107,0.9020524581132234, 3
1728061903760,0.6110947631268632,1.1735211253872464,2.393263149523099,2.562389619286648,1.1159594447807892,2.7597562161537614,0.8005533558497553,1.0428090745826153, 3
1728061904011,0.4151014702554515,0.957392693046388,1.6305484086928674,2.965222641928002,1.2240228819538723,1.8375158240793033,0.6988708451332792,1.2299854010252291, 3
1728061904261,0.3859313209237084,1.3926690080964723,2.6427763796386903,3.2060698482425067,0.8495869991756997,2.198267117621899,0.4186444632006735,0.8932180978575395, 3
1728061904511,0.8389649289290254,2.2126645164269862,3.3432554353581136,3.103512334101227,0.9435709416581517,3.2262753432926754,0.8734964675738034,0.8657354786312766, 3
1728061904760,0.4593995481581672,1.2643228655327194,3.790730868658116,1.6537541474879525,1.3922544897580045,2.2312167498186852,0.5088459574767613,0.9930327402641532, 3
1728061905012,0.6160247959430962,1.7800863337268464,2.7223549755478627,4.131712419102271,1.6933881921498366,2.257107427465171,0.6630575212589603,0.8761532345645158, 3
1728061905261,1.1816632351039278,2.64968018706196,3.180557190596929,2.6253134051736855,1.4854470000545543,3.767746303598222,1.2333415983191856,1.7060367214142411, 3
1728061905511,0.4352165946469881,1.5262637224518962,2.556601625840102,2.457059401899593,1.4062442856925295,2.4939115323544647,0.8841351232982408,1.152146019234524, 3
1728061905766,0.7529350895947702,1.6527502278179567,2.921056097141556,6.370228415905826,2.11465597885209,3.7451935860175425,1.121440962322982,1.2021890826472839, 3
1728061906013,15.270614445238216,15.34943095772126,13.994300244251184,14.296593737350756,15.185589310915503,13.849592423048474,15.357598278971501,15.573409675726749, 3
1728061906262,6.261786927002515,5.66327012253382,3.9382228107963178,3.5451088183783614,5.742361414631352,4.469090004152107,6.059725213771938,6.127274068967197, 3
1728061906582,2.602579752669415,2.4259004872874383,4.99448651653651,3.7676023407793355,2.606926984936153,3.1482205868740545,2.2638113391308625,2.384337644448661, 3
1728061906762,1.2940352058596938,2.063442227814338,5.0103848197710175,2.8214388256016107,1.336410060633404,1.936717229407118,1.358636267243728,1.084742808346359, 3
1728061907012,3.0675443682665513,2.7669534710112584,3.917043447101671,3.208754423076999,3.075090676874783,2.4151815155289644,3.1258084798007184,3.2126120027215275, 3
1728061907262,2.7538013184765484,3.5792633349301344,2.6704976385432646,3.021335931997142,2.7318591223297233,1.9172152561515672,2.707099613586448,2.8501656290736563, 3
1728061907516,2.3966437983501523,2.4054961549055562,4.768510899348116,2.8893038063369807,2.3887095168125763,2.544607814747474,2.2938541122618608,2.1006527523986525, 3
1728061907761,1.2607992022937806,1.4188095155765992,4.101517086696583,4.015663690256006,1.731845679413469,2.5673170626081143,1.398370726636731,1.4787575463058376, 3
1728061908010,0.6465557192715681,1.0777237177005263,3.944945032972502,2.6042059090476193,1.2054142983678928,3.813221544605283,0.756761851755011,1.0391260932516007, 3
1728061908316,0.5654528572469507,1.5868042473526642,4.0034529190976205,2.902864870424899,1.6213793379008452,3.139064341955398,0.7805490882919972,0.725698602082201, 3
1728061908512,0.671808561039894,1.493934026972225,4.069228376832834,2.4364153094650565,1.3980245505726572,2.5081224117863714,0.661978509785875,0.8012649391709574, 3
1728061908761,0.6439574176927991,1.3317724496932217,3.341641071463465,3.106655987993825,1.2376086454221824,1.775122387778394,0.7349873047722649,1.078466996514341, 3
1728061909014,0.7651681514162623,2.0312624548362193,1.6218327108716661,2.7504958929245014,1.1971071549849872,2.2062692822873076,0.9685130249733871,1.0862013626973053, 3
1728061909317,0.6035062047001389,1.4880060606029053,1.4269156008758446,3.044687299348457,1.8397168339847356,2.502313836564314,0.8564909787670959,1.1779638363580718, 3
1728061909560,0.5747734426196662,2.4973532424509304,3.2657811355887367,3.791211899179809,1.5251189647109848,1.6799445983078798,0.6186013578353818,0.7600138627252658, 3
1728061909761,0.7818983323204868,1.6705757237769963,3.638123250532475,2.253089662405851,1.502321167832719,1.6530329127332157,0.6322517419195345,0.9193561449451249, 3
1728061910012,0.7673019243002949,1.4161694503786937,3.627540933502314,3.08705834906087,1.457001303186041,2.269933160447945,0.7971326691546059,0.7042219938612395, 3
1728061910317,0.8825403488884309,1.1166004450830926,2.5371399796918173,3.4432877732276985,1.641731303826182,2.1292166873378733,1.0275465146855332,1.6470085390370757, 3
1728061910511,0.8247719981867041,1.3717773983625088,1.8259279524178946,4.221861102093992,1.3661235802122933,3.2082143030441586,0.8116188502133288,1.559359313418467, 3
1728061910767,0.6732681639521424,1.5414036451367246,2.3519581816941173,5.07955963834951,1.270482786276343,2.06006653279663,0.8418443537744852,1.2799465382675295, 3
1728061911015,0.802193913012164,1.6961429187022183,2.8556473854250677,4.0821437753281415,1.0725121601130978,3.0849982794300956,0.9057022888464912,0.7465347146707355, 3
1728061911321,0.5940466665779575,1.5832758644283123,3.499781545446918,3.0187754253472203,1.714149199094319,2.375254659161751,0.5990305967128041,0.9100989122919607, 3
1728061911516,0.6181743540466456,2.205804142466013,4.246860487393774,2.8650000848474053,1.4803009199398787,2.0900965073334863,0.8943481658600427,0.7497177883922919, 3
1728061911762,0.5825688641579919,2.5677913545286515,2.201902777159126,2.0777109277148718,1.1112455780646153,2.017520178102737,0.8566150076055401,1.0245862508591137, 3
1728061912013,0.8511943623011334,1.3499487251445348,1.7623311671884392,3.388847333209923,1.5445269520959792,2.9086413935132387,0.85036107750815,1.5579033905951023, 3
1728061912317,0.5971095155259446,1.74807878438355,1.806338794025884,4.2236709396153955,0.8945367112522745,2.6006512616163127,0.6255533757273782,0.9861716416069383, 3
1728061912509,0.6612698644224733,1.3155528613603265,4.255775888783585,2.4681997206149244,1.043842490219773,2.384661184331181,0.906595836479148,0.8965031588218406, 3
1728061912762,0.4750165014453175,1.9819860859307954,4.045826899466373,3.531901492514711,0.8429664320452088,2.764198122470386,0.48557882717505024,0.9396123511361717, 3
1728061913011,0.66494660364885,1.9488661804492982,3.7647511767612394,4.166996028610427,1.3649167860221851,2.1649686898337546,0.8338906983301351,1.0175653422668935, 3
1728061913260,0.9312558728913013,2.132180183850986,4.611013352887031,5.317982002580294,1.3370790893925952,3.5891943199839824,0.8155034454501634,1.1288315623689698, 3
1728061913510,0.7098628868854253,1.8065192873862417,1.1669944289646592,3.6274018368422483,1.7166175591410464,2.2828977840316997,0.8390471003622199,1.0904785102772663, 3
1728061913761,0.6825871633106531,1.3736064385798854,2.0329441631438896,3.0253636703408504,0.9491334177942975,2.753040401748662,0.7163444930396765,0.9310279945650576, 3
1728061914012,0.6846565272826203,2.132039295607201,3.010000776835449,4.411534638775638,1.259086545346604,3.3156222843065337,1.1612687160379116,1.0407083778107529, 3
1728061914260,0.5905337107477294,2.71775557218311,2.92986553233585,2.819636692447694,1.213446529914911,1.75972219977982,0.6403129987366063,0.8190374711512434, 3
1728061914511,0.6008355535848389,0.9220363278221172,1.4309314516278473,1.5918371593681484,0.752879023646182,2.1045366229164713,0.4177311663836852,0.9749774624865375, 3
1728061914761,0.6143609032327187,1.7994288042523603,2.833587290229622,3.99681394946815,1.6702032553233739,1.7627171934713917,0.7816764828501275,0.9077271434609485, 3
1728061915014,0.6789412819782265,1.760603050864719,2.3807417594764195,3.4858360701570095,1.6369743630609834,2.0724631518936376,0.9015016059401868,0.7524810919058088, 3
1728061915260,0.5458308811641572,2.100392832057032,1.846308498403343,4.340474257694262,2.1316776269918627,2.2980739233603047,0.7087760420817291,1.1832616146823811, 3
1728061915511,0.9795650363965497,1.4749780831868675,4.775670782117867,2.0158260584799077,1.8967382132073556,2.210434248763329,1.1402053544997264,1.9041031598019995, 3
1728061915773,0.6239864595002224,1.399299313266196,4.211600452869828,3.1386655485190325,0.7611799213155042,2.903637171797328,0.4418216219897692,0.9103291372940553, 3
1728061916021,0.7827418976700945,1.2994448046394658,3.6337972481922582,3.3813069348284097,1.6513752771082293,2.8763256835620727,0.5271444436111543,1.066803034306622, 3
1728061916260,1.0435287081903235,2.1174083271792594,2.5949427795466864,4.173686203858062,1.7246135734897488,2.1940969407989224,0.9296632119511737,0.9360236953371958, 3
1728061916517,1.2481926237454621,1.8260533026424817,2.615292298767543,3.8266088393257016,1.5907849462951236,2.1638398629142572,1.231793467707586,1.5983218823023844, 3
1728061916760,0.9705387946628723,2.3207722186878175,2.207275884592583,4.07455702854017,1.825902615794545,1.8289339096416701,0.9071220592550032,1.236466322209184, 3
1728061917014,0.5460318997737919,1.8173909956384537,1.7113115445750948,3.276156392539993,1.9163748201421928,3.124417312717516,0.794838065076605,0.827933682887512, 3
1728061917260,0.48005416299040843,1.28542355858625,3.6982658767134007,4.218852638942724,1.0480544213488385,2.281713986489029,0.5483190465915294,0.7603587254033699, 3
1728061917511,0.5974531475184358,2.254438782771971,3.7159687861022714,2.7855593075516127,1.1552739954632973,2.1213550459312787,0.5205802680779866,0.8569824529709491, 3
1728061917761,0.587193403675587,1.8047429682316658,2.732540412846034,3.0894308683482183,1.6729883110648374,3.3632474077734766,0.8151769212172042,1.235246877080053, 3
1728061918015,0.5280097249077608,2.797490956053996,1.6315558968122792,3.47450275121664,1.7421939122872052,2.447302034502,0.48358783887294327,0.7524230035311268, 3
1728061918263,0.6783578443331039,1.8433472467783152,1.97271892343443,3.1312358639218814,1.3321521501798275,1.7077785517199562,0.75640857054599,0.748203436207449, 3
1728061918511,0.6622607114285728,1.2855505165328074,1.9856669148637043,3.144695193318062,1.5412715402468449,3.049083484710186,0.7997894347271868,1.072909496386632, 3
1728061918761,0.6422305418884333,1.949749842178453,2.797722871526682,3.053086335133174,1.7025438710287994,2.57032416137241,0.8362118587083035,0.8972274034127855, 3
1728061919073,0.5107436820005392,1.142710779510451,2.9346899684456687,3.4537471390623606,1.2051538633460273,2.7168506858356287,0.7354513704695115,1.1236926358583894, 3
1728061919261,0.6958787860160508,1.6607966828506533,2.1996898048385627,3.2396868492823603,1.643410779202686,2.888789669696591,0.8480080259968064,1.2278738204288286, 3
1728061919511,0.6846461534087619,1.9270970724058296,2.029944444075635,4.141541065029315,1.4529791084268655,2.4462393668937112,0.7499402993426519,0.7487692421386569, 3
1728061919761,0.9372375668461187,1.1647172834168003,1.184867625500988,2.1082099298137384,1.4102380631844307,2.385503188178314,0.6720787084964472,0.991230671879592, 3
1728061920070,0.5201242873870323,1.1838731034649608,2.4102857678476335,2.046120226003894,1.3435416997939713,2.0411150918768577,0.5693131151502052,0.8955904941842725, 3
1728061920261,0.40131864990685273,0.8584631104858534,1.9471107024037804,3.8470675481481944,1.5311388517693945,2.554026356559551,0.6007074702485701,0.7341057168990537, 3
1728061920510,0.4655362401934485,1.8873543770295622,2.46767583218754,4.120761858563277,1.1106222523622364,2.2703425991915505,0.47170347478199964,0.7491792316507834, 3
1728061920776,0.5416346555346772,2.3228486285582166,2.502785607683734,3.0876629828113877,0.721247095760805,1.9101722340778926,0.8010035286455166,0.7233629203262087, 3
1728061921068,0.5083641800507819,2.391879407523401,2.3287375762184026,3.3521207001810973,1.2153971730402569,2.0953128585006286,0.4218047190328893,0.7022697459477979, 3
1728061921261,0.4699437197106104,1.4952506611165028,2.240802219143447,5.1805757698742925,1.6843513455115178,1.5260115511419496,0.6013995883633749,0.8808959046379184, 3
1728061921512,0.9466372354989887,1.7689451312470048,1.1171907923423194,3.2427463989295404,1.5168043161494844,1.314034765721175,0.5929139018605909,0.9402760505620125, 3
1728061921766,0.6296735394113653,1.9804715560429338,2.6463627753570993,2.9433880188526236,0.7041974807131323,2.2323627001797064,0.5067110700198415,0.7461853814213877, 3
1728061922104,0.7497654980814223,2.198028530561987,1.23205888928241,2.5777641903920063,1.0800375265373074,2.044804763214339,0.7675764163813363,1.0148629426188776, 3
1728061922261,0.8400591557058746,2.0344294030291117,1.8895550254435973,3.1171224503821326,1.5748005898721498,1.6124483357239547,1.235230519621326,1.08687387652931, 3
1728061922511,0.4868015365260027,1.4338961321064236,1.1754052265212414,3.4419202863830973,1.3730565879587242,1.4183154540024046,1.1100492753995252,1.469124446259273, 3
1728061922760,0.741400860193038,2.121928544535503,2.9578322581837986,2.9151444929177064,0.9756397087769781,3.1576498604242573,1.3869934759186082,1.2905534900348778, 3
1728061923067,1.2841216353431646,2.2302734271967677,2.839668709510895,3.9175717292264176,0.9933047695150657,3.246769099181974,0.6248521714749199,0.8609264660879634, raw
1728061923261,0.8305271806130269,1.3087528989350503,1.335507444143331,3.592501884480758,1.6876003367049608,2.1774641271346447,0.9258157846228195,0.8782972757105284, raw
1728061923511,0.9477235214555516,2.89671082594292,2.0364626399871906,1.57425977770079,1.2346519486239829,1.5069962949234166,1.050925491724421,1.2581407637940831, raw
1728061923760,0.823252957331212,1.4711723293180137,2.2642632704702588,3.156392090768587,1.251300634291199,1.9837980685996581,0.6632182035777997,1.0456897449099363, raw
1728061924012,0.7537357485860614,1.5788117925453315,2.905355243795158,2.7678124973588023,1.6309286510416767,2.008307607012388,0.8043797643685341,0.8612100410945005, raw
1728061924261,0.6361713444581966,1.367158624115375,2.6914641375070474,3.7918234934015524,1.2403750930747284,2.4359074662377056,0.8765803218085492,0.6929636634497736, raw
1728061924511,0.8143604063240999,2.0780433916525216,2.216470060330098,4.578718516082141,1.460495994496223,3.4135053902598163,1.250834825404634,1.2151513082986687, raw
1728061924759,1.3616289360520226,2.328362875876037,2.6684126707008646,2.3997934255950253,1.4901305585964488,2.8405500205151295,1.8072823739028092,1.4985314243124206, raw
1728061925012,1.278942948074941,2.2189234436780847,3.3191017725863827,3.73295567727912,1.3881220825361846,4.817183543191398,1.5050072866149242,1.3925145319811187, raw
1728061925261,1.3092037240307615,2.3742424558315816,2.6458276221770918,2.166830243254738,2.3054346835945783,3.428066440218556,2.0246585062389157,2.3501012843604303, raw
1728061925511,1.3668063719519725,1.727397167790975,1.0030168421030012,3.918724494348363,2.2421286351407943,2.2542030398191195,1.5302495159913585,1.190749119982799, raw
1728061925767,3.7909241877203974,3.707715263874989,2.9088852982731646,4.389727640691675,4.59304269719071,4.371227102065139,3.7154186386980155,4.089906538050376, raw
1728061926011,3.2704420843203885,3.0202336422206812,2.7084537387763232,4.6407468452951495,3.9741766538022896,2.8002740250808174,3.4725504734145067,3.6382167244840327, raw
1728061926261,1.8549508999114603,2.594140954699406,1.9140560912983047,2.8575402562391714,2.125614476670256,2.584907602242921,2.1593467778904225,2.11972282751191, raw
1728061926515,0.46356149177554024,1.2550965439522122,2.422700904481742,2.6960002917824823,1.1486591435797893,1.510524749291446,0.6305127012885002,0.9972801122995075, raw
1728061926763,0.42583219953667345,1.3404531582847148,2.7254014779731133,3.6899978057386824,0.8907037279779535,2.6979537770397743,0.6359290575296375,0.6912564517128863, raw
1728061927011,0.5732799186783408,1.521648140401843,2.7269287866736267,2.8549881839665434,1.433968846545541,2.2065365562649415,0.7348379646915263,1.0105319247305777, raw
1728061927261,0.7890847748088854,1.8452514844188188,2.5660996747709577,2.509016875803074,1.7236318920762,2.3892319370171684,1.0663897370553568,1.0815693936557886, raw
1728061927511,0.953893710390543,2.1199636946450227,3.2994922313394364,3.7245445733594105,1.4552108099129148,3.817234330701509,1.5269125645071213,1.5073584164414746, raw
1728061927760,1.3474826555815786,2.0429005934211633,2.428065533264611,2.765287555757166,1.6208145711513873,4.319939577487767,1.5332129574729456,1.882933332996537, raw
1728061928012,1.068748956045572,1.3790591417654483,1.9900374968086467,1.8660360323806273,1.30260770450012,2.2081538982238706,1.386170207223097,1.4164459651581263, 4
1728061928261,0.6317559279448961,1.7551816604002881,1.5358100027767676,2.376170074969176,1.1811153335299138,2.13336428331861,0.46157209665186394,1.0295474672869491, 4
1728061928511,0.7501567638897766,2.157926355657447,4.52899127657767,3.765836687111007,1.3666072096360855,2.771898120924808,1.1372006011410525,1.2755838967135087, 4
1728061928815,0.561055170626925,2.0220903397015024,4.223091597121461,3.662607821502673,1.5690379312966771,3.191531916930778,1.3613262041000125,1.428322955445803, 4
1728061929010,0.9502694389219464,1.9799645880456795,5.678927454882042,3.8086398276900204,1.8457969938293612,2.925850874811715,1.1837740210546213,1.518930997119956, 4
1728061929260,1.2098618726168584,1.9776652560434493,4.860899847780858,2.1423278139714137,1.1144090073396706,2.11484957139321,1.2565887502387074,1.5929205011672591, 4
1728061929520,0.6423259410152822,2.2066778932113578,3.2189240560782273,3.2517997299996177,0.7610032248713147,1.6934342344874471,0.8448709254115586,0.752469558781388, 4
1728061929814,0.9321432336388269,1.7160409060905293,2.658519662761186,3.30197746415915,1.6935167065015884,2.6948888387282417,1.5180578452663205,1.6543077628837954, 4
1728061930009,0.6646658644934482,1.5486944995912595,5.184611365297411,2.861217670592675,1.1117235965006598,1.7971582560712949,0.699142751105014,0.9170948160249994, 4
1728061930261,0.47845576117934363,2.1820541945900827,5.285165856537741,2.5301050864879167,1.425791118485986,2.55027547261341,0.6588879104325381,1.0785682507083996, 4
1728061930511,0.7105971131068741,2.082462355025133,4.515627502965335,3.4827710849811746,1.3617538056734404,1.9918561578745893,0.951153622924639,1.0805852595185046, 4
1728061930836,0.7316314478846503,1.7436362648427168,2.1198048488858245,3.990830605620892,1.0798918275691158,1.9538694227604307,0.6754105816988705,1.096793839631995, 4
1728061931013,0.7106155769808007,1.6547295002028048,1.5208258921351256,5.52928989656808,1.1838061110817255,3.011869050888581,1.0164771268794321,0.9635423720585121, 4
1728061931261,0.843191193136738,1.9883586755848068,1.7100544605565982,3.1548961611927293,1.2360701170449027,1.2628979864999086,0.628144416053095,0.8724320181477992, 4
1728061931513,0.6530295348332118,1.0883243278253325,2.803050927298145,2.194501994979555,0.8327448787518051,1.648206049734724,0.5516018768204027,0.8447694702313429, 4
1728061931816,1.0658263767424325,1.411657251052456,2.76856264693474,2.987747267892655,1.2722455054455057,2.5938782290702616,1.215844468120166,1.095150970257934, 4
1728061932011,0.8767800614099218,1.4435969544359322,2.9058008780214255,2.909228964250056,2.1316289439064686,2.6121052959906716,1.9809917362316227,1.565354858610266, 4
1728061932260,0.6012136640379685,1.3346523483232722,2.6107866793886,2.907127923363363,1.6579457244395164,1.8916002764623607,0.9742965998682281,1.24781233375593, 4
1728061932511,0.5015175939468705,1.5104002823603258,3.122161317435355,4.039958113240516,1.8956170634976839,2.5213609742446863,0.6865894243980041,1.0850600258777323, 4
1728061932817,0.9543662504016223,1.4920923570912534,2.5493746739412,3.1421167285682134,1.1660297496359575,2.0492077000327686,0.982419608882733,1.1935706826796386, 4
1728061933012,1.069078805415547,1.545606783917675,1.4744530813298604,5.220990441030889,1.8016197407818548,2.2730272877355198,1.2083403441291058,1.3977176549242036, 4
1728061933261,1.1325860147534816,1.2462225903275566,3.062471650342686,4.174393174267773,1.9257022483917163,3.163050673954503,0.9084524881794391,0.8926395910588281, 4
1728061933511,0.9174480653587848,1.7140527425071983,2.8598899438174503,4.127680760516928,1.8064223814431608,2.449091432187187,1.0990088367689237,1.0849040385535933, 4
1728061933818,0.9984248109564935,1.5113107805955546,2.2052733963640625,3.8053925599645435,1.1908564439294465,2.5147799945276326,0.8505933350918788,1.2118686575180226, 4
1728061934010,0.5356818252112533,1.1682291325223038,1.7777551555669877,4.943620491360039,1.2871113209625618,2.565136527726115,0.7412091626578914,0.5692829275637934, 4
1728061934260,0.7624265837018905,2.1500073599018314,1.880558078653818,3.455831104744585,1.2398119039797464,2.2834295229024755,0.6988314672246614,0.7121643149749406, 4
1728061934511,1.100123626565428,1.7747575836043994,2.5843842212331203,2.521928946258498,1.3099841902681646,1.674971139751853,1.2163768225573373,1.2599745721300628, 4
1728061934760,0.8365965328829957,0.7436292114272645,4.988436541431436,3.6903081033136536,1.3739874151674647,1.9424919263005418,0.8690279522686988,0.86763037331522, 4
1728061935010,0.9230887195912393,2.339356819916441,5.052543555654021,2.8000352098408463,1.4832700654939999,3.122243633197026,0.8653712941309247,1.144530000915473, 4
1728061935260,1.0277215412004135,2.568688714983052,4.991972699342709,3.529352716577584,1.8639592746750866,2.8228913425355087,1.219374026806031,1.0705484703230221, 4
1728061935511,1.0436190609232772,4.6610069184715375,3.039330330169927,3.681186543878539,1.5880823124449686,2.1659271232665587,1.4219115313933228,1.2561319175462258, 4
1728061935765,0.731448053477353,2.545551953011519,9.220893533262783,2.7364099112403064,1.7007205390777331,2.33327017322452,0.8782719415656466,1.2448145608310477, 4
1728061936012,0.7643604492432368,1.2043584301921344,8.216431034502117,3.3496656065111816,1.1941400806769447,2.7761635476515547,0.5171065965753554,1.2797780585522534, 4
1728061936264,1.7752265135365533,2.215746398163068,6.181649995033222,2.2721287272540263,1.8394136672404373,3.759217342247356,1.582739240030146,1.960378675712291, 4
1728061936514,1.1748590365323874,2.410267368751872,3.016219132813914,2.41208540269524,1.4483609736085177,3.207593997941836,1.1984014406617851,1.3159953708546546, 4
1728061936761,0.45463732618786307,1.16571286618762,3.466919517119917,2.4431767844809054,1.5560185034017282,3.07541029711369,0.945042835785401,1.1775060423630088, 4
1728061937011,0.6316242924546732,1.1383798151056128,4.045915806264596,3.8125752260159143,1.16438476942926,1.9227975811279983,0.6998385968201417,0.8294968695218471, 4
1728061937261,0.5232262384489252,1.6329585613269988,3.9364595878845012,4.2419736232109235,0.9520111087365876,2.6036419684863534,0.6489250819403154,1.1697522252300756, 4
1728061937510,11.970709002937767,11.866270268559548,10.381401892351919,12.570319132106196,11.680163405427999,11.393803195632291,12.147188600124657,12.234012111631216, 4
1728061937760,4.489758646980439,4.481165700211859,2.0930147080758807,3.736890209628548,4.195101001993218,3.666159722125348,4.620988327440528,4.39702487166485, 4
1728061938012,1.6601529969254938,2.267119974504842,2.2909304326943443,2.4013896430343458,1.813833363117715,2.0281179466194095,1.7190414010631236,2.0382846388677027, 4
1728061938260,0.879681603395068,1.706674254604619,1.7445111509383566,3.2745743780657888,1.3649321062276976,1.9851047751106619,0.8217892556383823,1.1458828875405356, 4
1728061938511,0.6021859204051494,1.9523947355628555,5.775409704333549,3.712854740387615,1.1893868380029238,2.7586197523193636,0.5905530541840934,0.8480555282567841, 4
1728061938761,0.6474792293894266,2.025428805200123,5.624086001182625,2.418434882711123,1.4104363465275975,2.5701497330453846,0.7752667213731398,0.9206283946267116, 4
1728061939010,0.43474151358078905,1.4543060699738237,3.2232039023574437,3.0650555194510423,1.2735505663711473,2.3279877897125165,0.49368602557486646,0.6255119517645483, 4
1728061939260,3.4409109144344487,2.882105925500298,4.452064947220899,5.580102495248496,4.3145880420584,3.690979794265006,3.503567962179206,3.858516218620032, 4
1728061939568,1.1761030715949314,1.6614272920545827,2.3717560111841967,2.0142822901339095,1.5995879138680633,2.5497247676297516,1.2845317063274961,1.351863417984624, 4
1728061939761,0.4316250719987673,2.0305029301693915,1.5224413919779463,2.8703617636796377,1.3087424991243706,1.9398716145330768,0.9657428806982762,0.9685601660192131, 4
1728061940011,0.6258524258572051,1.3282386323160889,1.1837422433527758,3.1834724735028526,1.6381498278583375,1.8205155094880314,0.8647929025867337,0.793422670922925, 4
1728061940260,1.0216205879477869,1.3531087921661913,1.8893624057938563,3.723855494843021,1.5921440714881838,2.605991357713656,1.0339746044350777,1.2215250009603364, 4
1728061940565,0.6941840332084,1.461355726488256,3.360865046224128,3.661021615019104,0.9901027815554069,2.7987288921179694,0.6963363861661861,0.7078702103761425, 4
1728061940765,0.7610984871150471,1.8340012819066969,2.679061918772469,1.8030783191759296,1.1876266787660745,2.6650124969321265,0.879457088772919,0.9147543309970091, 4
1728061941012,0.7477065937389983,1.3500511473887793,2.9801559993661626,3.879452995871278,1.1873422993862723,2.015173864383351,0.7955773060782171,1.0267297200591012, 4
1728061941260,1.0272976215471061,1.5997727981823746,3.9370869463992526,2.5433948603334344,0.8832825301856893,2.9800877520292337,1.0049309117489331,1.1375282350548153, 4
1728061941578,0.5647566764554074,1.3033055738938992,2.9749376669909,2.904395257981346,1.1662545777427469,2.3707271288241434,0.8913785675208731,1.3226166625236875, 4
1728061941762,0.8285868075673881,2.1544385019928094,2.354205329528744,5.370570122896554,1.3976334090240021,2.734656625256717,0.7176750420119524,1.1630942946776002, 4
1728061942015,1.063136765399576,2.4219780297530518,1.8059866882777074,3.169553822799527,0.8974845454811786,2.80622326059863,1.0846068846884265,1.1698913070191779, 4
1728061942261,1.2245992092934463,1.0687382520168458,2.670439339709846,3.894462184850397,1.7153135964170625,3.2401801314074583,1.4752469393375076,1.5593508590098721, 4
1728061942570,1.3370958440291858,1.754503240969913,4.155867569337159,4.187206064305016,1.91653639295187,2.0094549474199095,1.255217668989137,1.279827405800796, 4
1728061942761,2.9194638727785747,3.253789010060994,4.398423396498905,5.529265709463804,3.78122210813659,2.549848364770365,3.0187971400151965,3.6327127930101204, 4
1728061943011,1.9832829049679173,2.7702516985680727,2.584133603225788,2.734604700795662,2.5549662383147584,2.488812542437648,2.1857378012949455,2.3589164193579557, 4
1728061943260,0.9774336658716529,2.1622646701499466,2.4253269560285964,2.567425962672626,1.37232344679621,2.158052350224207,1.2585325675271417,1.5257221438903197, 4
1728061943573,1.0874807412126601,1.98816603092531,2.7132987574084293,4.271049624245076,2.2273115132876415,2.2380279620930565,1.3348459337641512,1.6946871328241693, 4
1728061943796,2.339003342113104,2.9433260950425404,5.922749037284287,4.338545666724651,2.5928476697538274,4.4934638701905865,2.4567522293294273,2.974709280695837, 4
1728061944014,1.2180574327029972,1.4461501471890164,4.401953082599058,3.316305310122829,1.7060355222288313,2.9966633574491026,1.449572698017086,1.7354181667821171, 4
1728061944270,0.8453961285687552,1.003163604362534,3.037708994794643,3.6082179876217726,0.9819336768147551,3.630108469081187,0.6073458717872359,0.6614841197150825, 4
1728061944512,0.4094996710611118,1.6822551553504939,2.087949450451379,3.449841384396953,1.6019187214253445,2.120612720557949,0.6578113596464351,1.1056972274372792, 4
1728061944760,0.5558701155854087,1.4525944496505223,3.8674053027891966,2.8003393343143483,1.2978776361278255,1.7880788116117214,0.6768976542278496,1.247321873221174, 4
1728061945011,0.8773520917816214,1.427604944194635,5.3109240870510765,3.129474014721153,1.1622129588265884,3.376198226455477,1.0404197684919958,1.579045680888141, 4
1728061945261,0.7980885213500671,1.7441834597457269,5.8769895487334285,3.7178031352097682,0.9183842809813328,4.009775502723606,0.8462462359549981,0.9182255272989761, 4
1728061945510,0.5933083080457323,1.5965619124515866,3.0112302023362183,2.9415643179479667,1.2817806637729716,3.373543275731694,0.6998380288292094,0.734439349630112, 4
1728061945764,0.6047288444247713,2.2185179143496376,3.4910366729839275,4.205365430897779,1.272862547598849,4.286669337925966,0.6924362434250778,0.7053698712591095, 4
1728061946013,0.9247551740071851,1.7739704130229592,3.7080228937805293,1.9459718322095132,1.4938859885767242,2.537974710094438,1.1175623057761974,1.2022891908845383, 4
1728061946261,1.150402031080043,1.723071026245394,3.3597758117031313,1.9846781721752735,1.8358795800542103,2.0909625471206414,1.488413474172869,1.468248358876377, 4
1728061946515,0.531231308833574,1.3554509339105938,3.671846327396407,3.8494886549976663,0.8288187226460667,2.7684492029379286,0.9754104900887484,1.1016313719796902, 4
1728061946765,0.5246642625307766,1.9320672612988166,1.3704798630364148,4.2147466080316,1.5977286664094286,2.0885782496625946,0.6617847392251737,0.9037993081009473, 4
1728061947012,0.7488945426336742,1.7602532854207031,2.4771142529102987,4.690992902968727,1.4465401663634927,3.2661279250589796,0.8614747888286313,1.1130716245485968, 4
1728061947262,0.7313172739000684,1.2091362729236899,2.034993313480551,3.511310457207962,1.7716398247675957,2.21147896957775,1.0689021324554828,1.4331667335497582, 4
1728061947510,0.7429941516115851,1.0718518877794267,4.34278440713285,2.914255413183764,1.7324259251792204,3.578720974921765,0.912318698430801,1.1318142146404968, 4
1728061947761,0.8147747231652986,1.8176334925075988,4.748656477942901,3.7322710007282356,1.7459462591792727,2.687619547106805,0.9458260882111317,1.1752883717859357, 4
1728061948011,0.82590056282529,1.458477105083799,5.3965035490494975,3.295595149922761,1.2567395146874913,2.6885449740203344,0.709971595642256,0.5861389487341628, 4
1728061948262,0.5846249105604627,1.9432893062799375,4.71929457176424,3.715696075445313,1.3205287743856868,2.4565138061388585,0.7077765742614002,0.7406570674375552, 4
1728061948510,0.6025868556813141,1.4143511001988336,4.875557082251766,3.108461516859422,1.1297441095140366,2.5715400078452078,0.7186024044360404,0.9559625964775592, 4
1728061948761,0.4158543058434415,1.4544914389230774,2.1518548386555163,3.335827962656088,1.2585937433716934,2.1016833304373383,0.5695807595870138,0.5946703047480077, 4
1728061949011,0.5527748430728718,1.5357973652879964,2.1562829162709023,5.302296255126045,1.258861067937059,3.202182894970921,0.6630301859969,0.8759066382573175, 4
1728061949261,0.5104432909455774,1.4144887110987514,1.489397821421856,3.89736298307057,1.2022123963949551,3.5994245806175673,0.6067601732449796,1.2241877989964354, 4
1728061949512,0.8337631548907912,2.059610348875549,1.1603872773497441,3.6003734000864673,1.2721569723405153,2.9590355579556507,0.6782600854328078,1.331966536100901, 4
1728061949760,0.6437708956046081,1.8251956829465037,1.4238836911335184,3.9178244431869027,1.1127824939194388,2.158891234499782,0.8176507807945181,0.5329497268454467, 4
1728061950011,1.2011714224439238,1.9525215583943216,1.637078288649405,2.368584843611412,1.0720472003158392,2.7146213146724048,1.0343515458635109,1.1627601727764916, 4
1728061950325,1.1838787661167718,1.426850353861184,5.035886838084016,4.848812351160287,2.5265312521736516,2.854867294397811,1.4172041467864702,1.4476378072877678, 4
1728061950515,0.3750209251013168,1.4007558607133717,5.421030910392353,3.049920245676424,0.8674054412576404,2.6607032737829455,0.43417707721958565,0.7466298922056341, 4
1728061950781,0.5663585876488634,1.3903517212213696,4.773452283547404,2.389200379890722,1.6925209719103345,2.034854260470572,0.8245379648341227,1.15703082294137, 4
1728061951013,1.4908060183371368,2.4065470967754723,2.695078450484794,4.745968423788873,1.5948639628982673,2.4341710014626012,1.5994861599225365,1.1188483465678556, 4
1728061951321,1.097338354764898,1.5513397141968002,2.6101609950888776,3.6122127023542765,1.2824489492699602,2.3330511294954723,0.9065433259032886,1.0558302696249382, 4
1728061951514,3.433042933074825,3.4394373154612095,3.3143006173912344,3.359333876435352,3.1328336160619665,2.3058991920829848,3.1995241210307044,3.400637503690477, 4
1728061951761,3.1739017414744475,3.723264948381851,3.444041347557153,3.523929627618145,2.806766814098465,4.167222196533725,3.103800369307217,3.4510348735298195, 4
1728061952013,1.508807306192741,2.2343455212026155,2.3649940465540897,5.2986448210501145,2.071872648757939,3.3002503779701704,1.649471083041979,1.9114154490446633, 4
1728061952324,3.111574536443768,2.6765906206673047,3.7430185562379754,3.226920350760484,2.90838639894504,3.3881192265436813,3.1226513087101555,2.9377482126028274, 4
1728061952511,0.753487847490915,1.4674092764081297,2.7848458430462966,4.390515076673479,0.848919832255578,2.291219017444502,0.8282111093731059,1.1920947274853788, 4
1728061952762,1.1870690958463355,2.0854590044072423,2.1557976583211427,3.600453508161758,1.7132818264219996,1.822672851077537,1.1563707391704143,1.5471936976140315, 4
1728061953012,1.0866180502086964,1.916217227474072,2.5756483161365344,2.095510292889475,1.0232505799046498,2.55598333557193,0.8472861647802369,1.2734049218983363, 4
1728061953322,1.1202077370395114,1.5782752757002148,3.305300638239501,3.4335352380198465,1.756695811399841,3.004276438151911,1.4781486771221457,1.5784115878051936, 4
1728061953511,0.8809793668251472,1.206776458659978,2.4881384454284867,2.800474971347816,1.3008017702813812,2.4095673329895795,1.1313560690107616,1.4417151674318678, 4
1728061953762,0.5194127419982352,1.9048226008130296,2.562527587131607,2.2510126394412033,0.7569048384359485,1.7834506261647118,0.7765349468033711,0.8408942471123974, 4
1728061954013,0.686978419539631,1.5439355498057798,1.839175301673408,2.9819337334935088,1.3797706794997635,1.9418980523858984,0.5885073210888684,0.7532861852562729, 4
1728061954320,0.5109874629862559,1.664649370729628,2.592835487792823,3.5833450761194734,1.0009279491292729,2.2166783495552758,0.5118250472342419,1.093030383658398, 4
1728061954511,0.677945391060792,2.284488670092597,1.561067443881668,3.7215760283158605,1.3554047296917593,1.9918154536477795,1.2416061886772374,1.123892048333461, 4
1728061954761,0.4577745394560863,1.5921806207790605,1.3582548575106044,3.508595102987338,1.3895199877096858,1.8689822050712475,0.8118611358951002,1.1396662939166076, 4
1728061955011,0.5141475341069521,1.6721482622606276,1.7083393125289907,2.501254848047238,0.7544977663307282,2.3342889223459347,0.7882512155536758,1.1278081146167913, 4
1728061955260,0.8109941091384704,1.7423583062625376,1.8225246916487263,4.3726447387907506,0.9616029286801115,3.101315154437337,0.7721439906617051,0.9105961834525902, 4
1728061955512,1.0414953325291914,1.3889382403473267,3.1859894935173085,6.135472060128336,2.1090193485074016,3.7603721445523632,1.4041772496368263,1.31445248034981, 4
1728061955775,0.8833967707249615,1.6302929142710922,2.343529684718087,3.6182905479932663,1.209220731325577,2.799704961112801,0.7694583333073568,0.8259844782670812, 4
1728061956013,0.5666338628781793,1.1908611855017044,1.9155296988839698,3.214140850096379,1.207488821675926,2.1983774951579735,0.7690447595406225,0.6218839424436459, 4
1728061956261,0.6723519630101277,1.5423341478567536,1.6479590598354759,2.95094087301787,1.240145369002363,1.8546112713000626,0.8680645335035418,1.0771828053379384, 4
1728061956512,1.088317170336888,1.8861057464380957,2.4821899763781903,2.8547605500474558,1.418676754239834,2.634974010524234,1.3715766028844438,1.5233651910551422, 4
1728061956762,0.6475504144246074,2.315202251493769,1.8991001533036054,1.8079700940045076,0.9055982557053655,1.8073374063487222,0.8902786775897668,1.022652090940716, 4
1728061957053,0.5830374537724666,0.9182705818355426,3.0556117688624362,2.768724178176162,1.6795262522848995,2.0900804325704843,0.7296193560124354,1.022741243091408, 4
1728061957260,0.525008235435996,1.0671603478650586,2.4288431029034054,2.5608999593349515,0.854169838423524,1.9160847366795721,0.8546175821292106,0.6277850699908132, 4
1728061957514,0.776007098310677,1.2678419639414023,1.8582297512664212,2.1110066956342135,0.8392827434484512,2.082075972854988,0.7425447695695807,0.7969992039141788, 4
1728061957762,0.652556851796095,1.699123924606904,1.3486466438379923,4.653601885249506,2.095229270386611,1.247328898819475,0.5924181933964436,0.939128594518411, raw
1728061958011,0.5965070356127755,1.9714492553335698,2.085645760748326,2.483594733691163,1.2723947717912867,1.626143944551202,0.6086626223435752,0.6272747059241035, raw
1728061958260,0.5964448400400703,1.7520593443845678,1.7865461459373588,4.072983638352843,1.7084464770741663,2.1224626276325806,0.9073975640027315,0.9402563005576605, raw
1728061958512,0.4655894210493452,1.6527825306907866,2.001652537438616,2.7761140184587303,1.3983046307003422,1.8421660325769018,0.7212933945548909,0.7281942179833171, raw
1728061958761,0.7498554326448007,1.4834688531250129,3.4408766573893383,1.9382939643438388,1.069454784307132,1.5508593954145455,0.8773905705647764,0.9526000935535972, raw
1728061959011,0.8442398674710471,1.2358685305077433,3.462592413976175,2.9666130627771246,1.8888864382698385,1.5009041298939225,0.8787616774184659,1.0102760263934596, raw
1728061959260,1.1751163985045698,1.795993187066492,1.981022403579352,3.4432212108694213,1.262268561170677,1.443321891995839,1.0677113782836778,1.4217094125285703, raw
1728061959510,4484.802233507667,1125.3947856214284,1800.2975444370752,1084.84174012715,1245.9232326169297,1315.351209138278,4523.94597642776,1335.6005214647269, raw
1728061959763,596.4433614768959,251.61455392183203,241.94152452299087,56.110396539008704,170.79707017877791,128.69088650319205,594.692775056204,749.6092806632797, raw
1728061960069,173.8787946075514,390.35231005906553,80.55576905822834,19.400561671539766,60.929941143157784,42.979891813026406,172.6456071244603,248.31628369822843, raw
1728061960260,110.13114838819851,379.10523344389435,40.55308150954405,7.13211959114528,34.848409482747996,20.029458323965144,109.985972967758,129.6783527480908, raw
1728061960511,3982.324023481129,3482.861473765328,2879.0424415392818,2216.414983927522,3040.78605571537,2636.797369966824,3983.9928984691633,3754.1588055847233, raw
1728061960771,881.8186971778615,737.7250556798222,805.8362244600917,622.1589705342375,723.9512826062294,759.6782789062656,882.1341552076209,809.9151622884889, raw
1728061961075,770.5057394610704,640.4886510912092,318.13416701469947,152.7710001223562,362.98188086161684,250.36990037807436,770.7452051181318,705.5579219675178, raw
1728061961261,275.4354388442913,224.16511556853274,132.45903372891934,57.14330117690513,133.83828288468425,106.76133927529098,275.31253957586796,252.63053969436226, raw
1728061961515,60.47732801739632,48.801724029142235,39.39663270474371,23.267651761018445,36.3107391735804,39.58477037329667,59.92995597798956,55.15911029977065, raw
1728061961762,11.542377200834315,7.126094847535837,13.524214871405595,6.742534767018687,8.814288181435092,10.21968444463696,11.549440587592537,11.110571884142308, raw
1728061962073,2.517955649743066,6.195885051247705,3.0058914198145157,4.136902904576208,2.5533776949149263,3.742501130788337,2.746794394649198,2.6399869625217227, raw
1728061962260,2.1825061640940504,5.2793903991779825,17.123305389163885,4.5684902814627115,1.1315077812794994,22.57880400807706,2.1312831081248826,2.2336363192442583, raw